"(PDH-TSV 4.0) (Hora de verano romance)(-120)"	"\\WS-AN-B3_01\Disco físico(_Total)\% de tiempo inactivo"	"\\WS-AN-B3_01\Disco físico(_Total)\Longitud promedio de la cola de disco"	"\\WS-AN-B3_01\Disco físico(_Total)\Transferencias de disco/s"	"\\WS-AN-B3_01\Disco físico(_Total)\Promedio de segundos de disco/transferencia"	"\\WS-AN-B3_01\Disco físico(_Total)\Promedio de bytes de disco/transferencia"	"\\WS-AN-B3_01\Interfaz de red(Realtek Gaming 2.5GbE Family Controller)\Ancho de banda actual"	"\\WS-AN-B3_01\Interfaz de red(Realtek Gaming 2.5GbE Family Controller)\Total de bytes/s"	"\\WS-AN-B3_01\Memoria\Bytes disponibles"	"\\WS-AN-B3_01\Memoria\Bytes de caché"	"\\WS-AN-B3_01\Memoria\Páginas/s"	"\\WS-AN-B3_01\Memoria\Errores de página/s"	"\\WS-AN-B3_01\Procesador(_Total)\% de tiempo de procesador"
"10/06/2023 10:56:08.085"	" "	" "	" "	" "	" "	"2500000000"	" "	"15754747904"	"48795648"	" "	" "	" "
"10/06/2023 10:56:09.085"	"98.87492157445989"	"0"	"2.0187652080011933"	"0"	"4096"	"2500000000"	"0"	"15756484608"	"47087616"	"0"	"48.450364992028639"	"1.4473292822844486"
"10/06/2023 10:56:10.086"	"99.632212575912575"	"0.00099972117776352186"	"4.9986314884823857"	"0.00019997985189165057"	"8192"	"2500000000"	"0"	"15756234752"	"47104000"	"0"	"2086.4287832925479"	"0.28821961554922337"
"10/06/2023 10:56:11.098"	"94.256060750654044"	"0.10639741895865674"	"177.66506228359344"	"0.00059502726744494481"	"113307.58011049723"	"2500000000"	"488500.39528550243"	"15649050624"	"51490816"	"0.98157492974361016"	"24724.890905311797"	"14.330072652543969"
"10/06/2023 10:56:12.082"	"28.177403469538337"	"1.969574092553527"	"2779.4177361239208"	"0.0007133922808163452"	"139951.18763796909"	"2500000000"	"115929.73874499509"	"15580692480"	"83980288"	"13.293756648127657"	"30653.357637251895"	"86.641594804468738"
"10/06/2023 10:56:13.093"	"59.594107255545467"	"1.2271935082482202"	"1595.2448418162182"	"0.00076918782950261358"	"140333.07377557346"	"2500000000"	"321149.58835333516"	"15732998144"	"47972352"	"10.878917086161438"	"9691.1371388450862"	"30.324142487779504"
"10/06/2023 10:56:14.093"	"79.295519803131114"	"0.28108411874729078"	"518.9995899270599"	"0.00054161866419244334"	"113946.14258188824"	"2500000000"	"136099.89246449491"	"15691603968"	"58183680"	"1.9999984197574563"	"10988.991317357344"	"19.535796227513146"
"10/06/2023 10:56:15.093"	"36.096235162672535"	"2.0047909003090978"	"2296.8657045124778"	"0.00087287761922430972"	"138930.54244666957"	"2500000000"	"563371.06024603755"	"15589433344"	"89133056"	"11.999298412777421"	"33367.049061330814"	"80.861376158466669"
"10/06/2023 10:56:16.094"	"13.438598354191658"	"2.7965083241817879"	"3513.7223731016356"	"0.00079590210766106292"	"144933.59134889016"	"2500000000"	"624513.65580861608"	"15637196800"	"80453632"	"19.998419881056549"	"32251.451742179896"	"70.185399662815158"
"10/06/2023 10:56:17.095"	"14.436480086642842"	"2.6327107875848665"	"3421.4284049275507"	"0.0007694776271224066"	"144179.91712868397"	"2500000000"	"755501.70986799989"	"15570206720"	"159977472"	"18.969109919353215"	"36721.201681248982"	"69.45081073914379"
"10/06/2023 10:56:18.095"	"2.6697172769403719"	"3.0991717977066227"	"4064.5552080716343"	"0.00076248463723745899"	"146947.40073800739"	"2500000000"	"1049395.1627117493"	"15614644224"	"141160448"	"24.997264502285574"	"46933.863938911301"	"59.639694156388835"
"10/06/2023 10:56:19.098"	"13.226729484654301"	"2.6336752532679299"	"3422.3847338478035"	"0.00076954245622509808"	"145057.613523754"	"2500000000"	"875921.01917657722"	"15651147776"	"88588288"	"18.952290860713571"	"40899.04367741989"	"72.335208017752151"
"10/06/2023 10:56:20.085"	"3.3927379810737888"	"3.2716121713614226"	"4063.1071658339388"	"0.00080518443169260616"	"148387.09471585244"	"2500000000"	"898137.07850153791"	"15571861504"	"177905664"	"24.305725817550979"	"45048.637325679279"	"54.505034468698746"
"10/06/2023 10:56:21.087"	"28.341867007261566"	"2.0479220140435497"	"2280.1526862670707"	"0.00089816103314540251"	"138084.20315236427"	"2500000000"	"531934.46415457781"	"15601475584"	"104513536"	"10.981470905839657"	"33438.578908281757"	"73.872492346248364"
"10/06/2023 10:56:22.087"	"13.648565535762192"	"2.7382122138963196"	"3500.6943597332152"	"0.00078220510485536225"	"145983.03113396172"	"2500000000"	"771944.60269818874"	"15618260992"	"111988736"	"20.998166682204374"	"36842.783312976302"	"72.398740892332214"
"10/06/2023 10:56:23.089"	"2.8147957241855535"	"3.1328077517477935"	"3970.6023412728305"	"0.00078898944759137101"	"147777.25490196078"	"2500000000"	"843929.66836371564"	"15679344640"	"76386304"	"23.955368574798374"	"45991.313242541029"	"60.22978115761768"
"10/06/2023 10:56:24.096"	"3.4550812629155998"	"3.207566389684319"	"4052.5860880826885"	"0.00079145031510809323"	"148243.69230769231"	"2500000000"	"953402.15024001559"	"15578324992"	"176283648"	"23.827061762367595"	"51215.27646396905"	"53.202095844351369"
"10/06/2023 10:56:25.098"	"5.8973490069103764"	"3.0825872338659108"	"3880.0450652852455"	"0.00079434302425643896"	"148112.81871946517"	"2500000000"	"897646.28080439963"	"15610077184"	"139292672"	"22.947039470702144"	"47968.291770082105"	"57.123229248615871"
"10/06/2023 10:56:26.083"	"2.2143678751697848"	"3.0673058131422937"	"3432.8169705711894"	"0.00089366668072607403"	"147394.63273157738"	"2500000000"	"759962.08026097575"	"15645638656"	"84627456"	"20.318537854816157"	"44447.817484303079"	"46.169742877353684"
"10/06/2023 10:56:27.083"	"36.206292475650493"	"1.5810381016983861"	"2297.6720049369883"	"0.00068777739654902266"	"134986.272292301"	"2500000000"	"481931.45606814494"	"15626952704"	"59650048"	"11.993068316330518"	"31928.546125150922"	"88.282449877132592"
"10/06/2023 10:56:28.083"	"17.418183283483533"	"2.3264573504983432"	"3223.4007837464501"	"0.00072212911131036062"	"141393.36064556177"	"2500000000"	"596059.02760898042"	"15573573632"	"135876608"	"18.007825607522069"	"31506.691769871806"	"80.080197635386625"
"10/06/2023 10:56:29.085"	"4.5787417896875162"	"4.2227171829904631"	"2890.4725107541944"	"0.0014606969587541605"	"146531.64389233955"	"2500000000"	"786791.00599839154"	"15615127552"	"100560896"	"16.955842885721637"	"33063.893627157195"	"42.069529441010445"
"10/06/2023 10:56:30.085"	"25.75732381405572"	"2.0061915566972592"	"2797.9977892406814"	"0.00071708362664690839"	"141322.24731951393"	"2500000000"	"582849.53947781667"	"15626059776"	"82874368"	"14.999988148180922"	"30784.975676116646"	"83.335061487111489"
"10/06/2023 10:56:31.086"	"12.128730121956231"	"2.6996173500634484"	"3534.7500369355871"	"0.00076376244614161895"	"144714.51881188119"	"2500000000"	"803571.17473337252"	"15664365568"	"53219328"	"19.998585781813787"	"39882.179695382147"	"66.279570528965621"
"10/06/2023 10:56:32.088"	"20.990351717524312"	"2.5726891891312458"	"2529.790174707668"	"0.0010169491681143456"	"141104.53606621994"	"2500000000"	"707796.80057940434"	"15604641792"	"113266688"	"14.957371943482469"	"29830.982604081437"	"69.617587701029976"
"10/06/2023 10:56:33.089"	"22.007695794250342"	"2.2398654860836071"	"3018.6148106042951"	"0.00074200061987666826"	"140718.42596886386"	"2500000000"	"551025.68654017383"	"15635275776"	"89563136"	"16.997830997109315"	"31480.982879058047"	"82.293523868051025"
"10/06/2023 10:56:34.090"	"14.0631944825933"	"2.5872082860981127"	"3366.705256375657"	"0.00076840702122310122"	"143177.73954316226"	"2500000000"	"782086.33016424649"	"15665070080"	"61448192"	"18.975793494849444"	"38593.767790603531"	"74.379576406194587"
"10/06/2023 10:56:35.090"	"23.777529514683422"	"2.1042813651661594"	"3002.0249056389098"	"0.00070103262549250835"	"142627.30446369087"	"2500000000"	"716095.94093236735"	"15597600768"	"134242304"	"18.000149334277275"	"33159.275098627782"	"85.157792105400247"
"10/06/2023 10:56:36.096"	"3.8768208756664779"	"3.2283977327953894"	"3973.197747503455"	"0.00081253441429217398"	"147960.31423567675"	"2500000000"	"858107.33278380346"	"15627735040"	"127873024"	"22.863034323887781"	"45182.326048855277"	"59.487013097392008"
"10/06/2023 10:56:37.097"	"11.482599269067654"	"2.8399962696529677"	"3598.5948323844395"	"0.00078920637190514555"	"146504.73695893452"	"2500000000"	"942618.16703529749"	"15647764480"	"93261824"	"20.9685048501868"	"45716.333074562033"	"71.917556135432363"
"10/06/2023 10:56:38.082"	"27.293627115827469"	"2.1732309346599505"	"2175.7495151467242"	"0.00099883285310834792"	"134785.55368814192"	"2500000000"	"519301.23091536044"	"15649030144"	"53936128"	"11.173316837821647"	"28139.490578015731"	"78.970468539244465"
"10/06/2023 10:56:39.082"	"27.997057509255779"	"2.0399855975137013"	"2578.6179832755975"	"0.0007910818987547346"	"136910.26909654905"	"2500000000"	"569263.66480883863"	"15585710080"	"113995776"	"13.997926237246361"	"29034.698571671219"	"85.678595179646621"
"10/06/2023 10:56:40.086"	"30.844748596867806"	"2.1436901019341232"	"2246.9098965556027"	"0.00095334508130001162"	"136549.06158617634"	"2500000000"	"453326.26686546404"	"15585812480"	"92053504"	"10.950823598631647"	"25483.562043433903"	"86.897905974326932"
"10/06/2023 10:56:41.086"	"9.9489623232296882"	"2.8840991884546443"	"3749.6160232363136"	"0.00076978917288891228"	"144043.21323725648"	"2500000000"	"887603.26094321813"	"15643590656"	"80961536"	"23.016057788747055"	"37433.116247985265"	"62.373724420542942"
"10/06/2023 10:56:42.086"	"16.18830022847601"	"2.5066368031356707"	"3302.693380183212"	"0.00075897666878225209"	"144443.834090221"	"2500000000"	"678287.02829163847"	"15563829248"	"162136064"	"18.99823621661551"	"33810.861022559831"	"70.445803190664975"
"10/06/2023 10:56:43.089"	"12.272594359651219"	"2.7982711493638539"	"3151.6867674356517"	"0.00088766609237773617"	"141781.73814041747"	"2500000000"	"803835.61688385834"	"15596150784"	"119570432"	"17.941290896218131"	"42119.173855638306"	"62.613948945010499"
"10/06/2023 10:56:44.089"	"38.265993550475265"	"1.6185305398524774"	"2186.1986467932952"	"0.00074048481926529994"	"136181.69441903019"	"2500000000"	"520437.28902322182"	"15611740160"	"81317888"	"11.00099959502573"	"24228.20147173576"	"88.93345866687757"
"10/06/2023 10:56:45.093"	"14.607087275106117"	"2.4865902557684056"	"3419.308316526568"	"0.00072722770994487599"	"144354.77693651718"	"2500000000"	"742161.16881860141"	"15653789696"	"71897088"	"19.91443399258339"	"31267.652811755179"	"76.144406043172054"
"10/06/2023 10:56:46.093"	"5.5494167562989132"	"2.9527896618065443"	"3866.3050211122122"	"0.00076366701307341214"	"146765.38919058701"	"2500000000"	"977672.26074076409"	"15575662592"	"165294080"	"23.995686709773235"	"44471.006215166817"	"71.87795562686361"
"10/06/2023 10:56:47.094"	"13.548566561657777"	"2.6865157666318904"	"3480.9326161535714"	"0.00077184717784372953"	"145253.26745188163"	"2500000000"	"747509.52972064994"	"15609106432"	"124297216"	"19.99961284776542"	"41311.200298344251"	"76.044204523161454"
"10/06/2023 10:56:48.095"	"2.5956776775313748"	"3.2155454736772326"	"4018.2992759544954"	"0.00080022357995863653"	"147551.65813664597"	"2500000000"	"922428.80176542781"	"15640252416"	"99840000"	"22.961710148311401"	"48252.536373840652"	"54.76282893725368"
"10/06/2023 10:56:49.098"	"25.087182194140702"	"2.1124264577775844"	"2426.9461501660658"	"0.00087039016856029763"	"139178.21108829568"	"2500000000"	"489080.97892036516"	"15543812096"	"155844608"	"12.957002033740803"	"31832.363919508753"	"72.356875482656662"
"10/06/2023 10:56:50.083"	"11.986052298193478"	"2.7721301124576119"	"3616.2004658262958"	"0.00076660112132057598"	"145944.7370786517"	"2500000000"	"720920.03646190325"	"15589978112"	"137789440"	"21.331519601784329"	"36589.650836946348"	"66.405624668352033"
"10/06/2023 10:56:51.090"	"15.217750826354642"	"2.6210664893611741"	"3300.2253722426763"	"0.00079386642293061171"	"143341.52736019241"	"2500000000"	"725200.21541153674"	"15629873152"	"99344384"	"18.852760695312941"	"38798.981510954036"	"73.244225940616815"
"10/06/2023 10:56:52.090"	"16.788248985630798"	"2.4159480166218663"	"3320.0716022285469"	"0.00072799043817287556"	"143810.44893040071"	"2500000000"	"667027.29292715329"	"15671066624"	"73138176"	"20.006457380105736"	"39084.615137774563"	"75.39319648960614"
"10/06/2023 10:56:53.097"	"2.7706684917990199"	"3.2910377712623484"	"4017.0343547373996"	"0.00081928305867632473"	"148465.57033374536"	"2500000000"	"956473.25887439831"	"15577464832"	"171479040"	"22.840986442264573"	"44276.755675146342"	"50.21713500563866"
"10/06/2023 10:56:54.082"	"6.2266424724869758"	"3.0518674239130701"	"3292.6010796298069"	"0.00092503070942057759"	"146139.42857142858"	"2500000000"	"893105.8780672712"	"15618166784"	"117784576"	"19.260905330346777"	"42195.574919492326"	"54.369904412404033"
"10/06/2023 10:56:55.082"	"32.216652689785533"	"1.7778152849918893"	"2535.9076653062484"	"0.00070138076567541547"	"138029.54477317556"	"2500000000"	"613319.52252436324"	"15617351680"	"80658432"	"13.004654693878196"	"30697.987583926173"	"90.105198069920533"
"10/06/2023 10:56:56.082"	"24.657438092182222"	"2.0588860817361074"	"2911.0988190407766"	"0.00070832471023120336"	"140462.01307189543"	"2500000000"	"623738.22168136854"	"15644008448"	"55529472"	"16.022559719522679"	"28166.6585769384"	"83.986043850043984"
"10/06/2023 10:56:57.082"	"4.7095050310212399"	"3.146969253531454"	"3892.8937579952885"	"0.00080576038267177197"	"146990.4024577573"	"2500000000"	"786735.29090152401"	"15589871616"	"149340160"	"23.919470095209146"	"37596.423766732274"	"57.296148174826826"
"10/06/2023 10:56:58.082"	"18.888029978473245"	"2.3858511557244579"	"3292.3964732952818"	"0.00072702613666777679"	"144475.72943327238"	"2500000000"	"650590.38367002713"	"15617929216"	"106737664"	"18.057019049151453"	"37140.278680929681"	"79.689618372803722"
"10/06/2023 10:56:59.086"	"3.7462979153745177"	"3.1798696268398334"	"3941.2699644700278"	"0.00080613798022308235"	"146854.89467037132"	"2500000000"	"835477.55491335399"	"15673507840"	"75603968"	"23.892518097317673"	"41124.001253420654"	"49.663276565960004"
"10/06/2023 10:57:00.090"	"27.939699653707095"	"2.0280934925102678"	"2167.1985417448573"	"0.00093656848174281527"	"138791.09475620976"	"2500000000"	"530997.53635693784"	"15571202048"	"126431232"	"12.959328906477989"	"30217.167524089291"	"76.52496474418291"
"10/06/2023 10:57:01.090"	"17.818148694350658"	"2.3803526813564071"	"3240.7746665818663"	"0.00073452642304416816"	"142270.12403579144"	"2500000000"	"569662.39095989591"	"15590293504"	"121700352"	"19.998609482146662"	"31617.80159127387"	"74.74220428497479"
"10/06/2023 10:57:02.090"	"19.068003580025174"	"2.556932289189322"	"3103.0471528492826"	"0.00082357484283818649"	"144552.52302737519"	"2500000000"	"623523.59659166285"	"15621701632"	"89214976"	"18.98805021067194"	"37454.42872608226"	"75.9139818061049"
"10/06/2023 10:57:03.090"	"12.778656963153173"	"2.717514389237691"	"3509.4391271578684"	"0.00077474346168894309"	"145390.48574686432"	"2500000000"	"693960.57467798213"	"15666548736"	"71340032"	"22.00902531284866"	"32592.36525760439"	"64.84744453357952"
"10/06/2023 10:57:04.090"	"3.8895958709890044"	"3.2952576227329979"	"4024.5977397661786"	"0.00081878261085499148"	"148468.55155279502"	"2500000000"	"921463.89929638768"	"15586410496"	"167243776"	"26.997301608369398"	"44939.508277279783"	"51.567532133411341"
"10/06/2023 10:57:05.093"	"2.9415829545338967"	"3.1775078789551578"	"3952.6351715735032"	"0.00080388494644395721"	"147578.31685166497"	"2500000000"	"870449.23771327769"	"15620288512"	"130904064"	"24.928324745039752"	"45624.817081361558"	"54.037766335407866"
"10/06/2023 10:57:06.109"	"29.63380979445655"	"1.9179277362319203"	"2172.7992418025297"	"0.00088269146041490597"	"134835.79157227004"	"2500000000"	"535504.93103335623"	"15624200192"	"81494016"	"12.798545601917937"	"27965.806643698532"	"79.617530889308668"
"10/06/2023 10:57:07.102"	"28.559953949591883"	"1.9272933663162533"	"2544.7096361092422"	"0.00075734074851841371"	"136657.60189948557"	"2500000000"	"547298.86827424308"	"15653748736"	"57008128"	"15.105122493723243"	"24328.310288390654"	"81.904560206920692"
"10/06/2023 10:57:08.090"	"19.636923408305893"	"2.3141203245396356"	"3142.0960942826923"	"0.00073653348211790218"	"143771.71134020618"	"2500000000"	"612133.7671926145"	"15600971776"	"131780608"	"20.245464525017347"	"29744.636480155485"	"78.385041199075076"
"10/06/2023 10:57:09.099"	"3.0423414652709289"	"3.2998008505078631"	"4049.1739851135899"	"0.00081492903570757605"	"146460.69505628978"	"2500000000"	"781730.39804625651"	"15626543104"	"120610816"	"24.774681749348936"	"40213.272428273216"	"53.289236889589361"
"10/06/2023 10:57:10.092"	"2.9196883343449889"	"3.3079062039047913"	"4088.5997097250465"	"0.00080906176580002812"	"147094.03201181974"	"2500000000"	"930197.20921195403"	"15654809600"	"83640320"	"26.176703386567645"	"44497.3753683127"	"51.889123929393079"
"10/06/2023 10:57:11.092"	"12.808649968293343"	"2.6524204348861629"	"3177.4552048059613"	"0.00083470734590436078"	"143138.31592196351"	"2500000000"	"756394.31131548935"	"15569641472"	"158040064"	"19.996571458816621"	"33394.27433622376"	"63.285119748378513"
"10/06/2023 10:57:12.092"	"25.777321736271603"	"2.0878830689491363"	"2899.5703796041334"	"0.00071953830863335014"	"140068.52101998622"	"2500000000"	"578942.88970133138"	"15600271360"	"116613120"	"18.984092767911278"	"32305.930077098703"	"83.335061487111489"
"10/06/2023 10:57:13.101"	"4.6799698776515077"	"3.1973514543353425"	"3912.6448914164566"	"0.00081782906431463126"	"148776.31853918335"	"2500000000"	"857390.18951794517"	"15634169856"	"112676864"	"24.807537987677254"	"39892.505687224038"	"51.973296409164213"
"10/06/2023 10:57:14.085"	"19.644912617722191"	"2.4375334440924479"	"3065.9622733635497"	"0.00079486576802898271"	"143673.40708843988"	"2500000000"	"712635.65633145743"	"15651082240"	"69898240"	"19.295555877412205"	"38377.845084600376"	"73.944548120284566"
"10/06/2023 10:57:15.086"	"25.04737753957161"	"2.0713831261866882"	"2771.9760319411239"	"0.0007454480230653669"	"138916.15689096798"	"2500000000"	"615558.22413797851"	"15585030144"	"134332416"	"16.957032221302306"	"26829.017391551064"	"85.548383084291075"
"10/06/2023 10:57:16.086"	"16.81824585695712"	"2.5584331554218895"	"3382.5122213486952"	"0.0007583581293696439"	"145096.00474214583"	"2500000000"	"633620.53029345896"	"15608705024"	"117964800"	"20.050457743620008"	"33231.628664275799"	"74.612027965483207"
"10/06/2023 10:57:17.086"	"21.963127737330989"	"2.4943195274198704"	"2357.9920622729123"	"0.0010576938794112495"	"141957.0462060195"	"2500000000"	"596790.89818219305"	"15616606208"	"76161024"	"13.994018173726483"	"29839.245037291643"	"70.842453396332289"
"10/06/2023 10:57:18.086"	"25.287342300324234"	"2.1353755720273799"	"2873.9602613687093"	"0.00074307582800248835"	"142781.37230340988"	"2500000000"	"701566.29934934364"	"15662608384"	"54677504"	"17.999751115044109"	"25328.649777386236"	"88.282481511193183"
"10/06/2023 10:57:19.086"	"5.4994242102851834"	"3.0977756628880955"	"3936.7433831604394"	"0.00078691896224802145"	"147758.75234950471"	"2500000000"	"931043.30988931109"	"15589990400"	"151101440"	"25.998305299002141"	"38143.51361291291"	"60.03022483545972"
"10/06/2023 10:57:20.091"	"11.983317708905108"	"2.8382746769505562"	"3462.610683790258"	"0.00081968957919649336"	"146667.46996263295"	"2500000000"	"851553.40594423795"	"15610507264"	"104009728"	"21.896359598558686"	"38565.46098749782"	"60.862215633830417"
"10/06/2023 10:57:21.091"	"4.9284756224899642"	"3.0759486090952071"	"4012.7935881921762"	"0.00076654215091614226"	"148045.80767314401"	"2500000000"	"938943.71466452035"	"15647846400"	"84500480"	"24.992486224415646"	"36314.082484075931"	"54.180831868703017"
"10/06/2023 10:57:22.094"	"2.4433638238544115"	"3.2067903573893304"	"3514.1458339324754"	"0.00091245738400536915"	"147801.20771850171"	"2500000000"	"885570.73337317549"	"15566082048"	"168751104"	"23.932888766850002"	"36694.104498074143"	"48.836879036536764"
"10/06/2023 10:57:23.094"	"25.758544642227715"	"2.0863821194102532"	"2783.0758644366711"	"0.00074973056946261931"	"140005.59971254042"	"2500000000"	"598020.30155824183"	"15600865280"	"114765824"	"16.000436159175976"	"29322.799316209872"	"81.251059315148694"
"10/06/2023 10:57:24.096"	"2.5854883228765804"	"3.2214785199826301"	"3976.0477224855963"	"0.00081021842727890033"	"147467.31207632436"	"2500000000"	"930620.77258140908"	"15628992512"	"108281856"	"25.954617319765379"	"38784.184311827863"	"55.286355309984067"
"10/06/2023 10:57:25.101"	"3.0945726270822069"	"3.132682637248525"	"4086.6141924035783"	"0.00076656926076829794"	"147360.25712198686"	"2500000000"	"1028178.9963292322"	"15666135040"	"73498624"	"26.865980812003073"	"42379.592176445294"	"53.098408504084581"
"10/06/2023 10:57:26.085"	"2.9863550997650834"	"3.219981519134461"	"4007.1979212396959"	"0.00080354876089446599"	"148104.9226869455"	"2500000000"	"980604.50139367871"	"15577518080"	"167645184"	"25.394156661848516"	"39092.78053151608"	"56.486012837060706"
"10/06/2023 10:57:27.089"	"2.9772863916503747"	"3.2246301841874825"	"4058.697356381434"	"0.0007945043974848621"	"148771.4229636899"	"2500000000"	"967230.59664144542"	"15610511360"	"141324288"	"25.889629849341826"	"35577.330187966698"	"52.676042762196865"
"10/06/2023 10:57:28.090"	"15.568363764968302"	"2.840601452787312"	"2665.6745908853181"	"0.0010656040003332204"	"143032.17404351087"	"2500000000"	"768928.13399542728"	"15645069312"	"67862528"	"15.998047057076178"	"29180.437832106949"	"64.196472950692879"
"10/06/2023 10:57:29.090"	"26.6572196519903"	"2.0826827761864437"	"2789.3966166675223"	"0.00074629164614657554"	"141425.73701182372"	"2500000000"	"560785.65273560735"	"15652339712"	"56356864"	"16.99023378120669"	"30348.555235301319"	"88.022079297129309"
"10/06/2023 10:57:30.090"	"7.8891716369781175"	"2.9114942930992247"	"3722.4058793059917"	"0.00078232129981895947"	"146672.45566899516"	"2500000000"	"710963.52120266506"	"15590768640"	"147034112"	"24.002617169087536"	"30650.342015876071"	"60.420825813289603"
"10/06/2023 10:57:31.090"	"15.498389717308372"	"2.5018400588178888"	"3384.5856575169205"	"0.00073939123713630066"	"143718.27895981088"	"2500000000"	"681763.97018433176"	"15635148800"	"112373760"	"21.003634399484437"	"32412.608570671051"	"76.825327848436544"
"10/06/2023 10:57:32.090"	"3.1992996733015144"	"3.2617859950456847"	"4027.1233814913148"	"0.00080995526990090252"	"146565.46573982126"	"2500000000"	"868886.86193965888"	"15664046080"	"85204992"	"25.99434158857353"	"39142.479520547779"	"51.833453656994479"
"10/06/2023 10:57:33.092"	"15.856146013936634"	"2.8074764324550148"	"2879.5860654363573"	"0.00097493069522773578"	"145287.27877947295"	"2500000000"	"658310.91701230896"	"15568166912"	"153444352"	"17.972451171239399"	"36542.985578677268"	"58.26591475783831"
"10/06/2023 10:57:34.092"	"31.746676123009919"	"1.9738933333679964"	"2300.3053416605526"	"0.00085644260273676719"	"137138.70021691974"	"2500000000"	"395598.62874893408"	"15578324992"	"101638144"	"11.975559262441054"	"28073.704800977444"	"85.808775821171523"
"10/06/2023 10:57:35.093"	"24.101254433836765"	"2.1595243353252576"	"3030.3033252666414"	"0.00071403561028763446"	"136953.40554821666"	"2500000000"	"610466.01354666508"	"15614324736"	"92442624"	"20.015213509026694"	"27781.116350529053"	"81.532446251356006"
"10/06/2023 10:57:36.093"	"29.196931402509595"	"1.9161986075263491"	"2522.1924945589717"	"0.00075927098558042883"	"136631.78446909666"	"2500000000"	"550311.62436949019"	"15649636352"	"63692800"	"14.989258089692781"	"20594.241331365232"	"83.465277799303294"
"10/06/2023 10:57:37.093"	"21.69774560423172"	"2.3395569200360082"	"3052.543604185812"	"0.00076689617098609712"	"143052.56506063585"	"2500000000"	"613688.32869494765"	"15567646720"	"135827456"	"18.009106809355824"	"25398.843636794831"	"80.080189668293471"
"10/06/2023 10:57:38.093"	"9.4490078541753117"	"2.8269031751666076"	"3651.5268351857317"	"0.00077415113534274672"	"146825.67360350493"	"2500000000"	"786288.11279345769"	"15620931584"	"120782848"	"24.996760919946137"	"31652.898417709395"	"62.113358097399775"
"10/06/2023 10:57:39.093"	"28.13704279680206"	"2.1176774321018863"	"2457.7320167124162"	"0.000861635481702467"	"140062.20341741253"	"2500000000"	"563560.55114869226"	"15634575360"	"69201920"	"14.998364625991149"	"27094.04575136548"	"84.897417281443722"
"10/06/2023 10:57:40.093"	"32.616585043545939"	"1.7736143025825195"	"2560.935948703534"	"0.00069019453423647752"	"139090.27859922178"	"2500000000"	"533469.86288950453"	"15632138240"	"55529472"	"13.950623845077619"	"25471.846194848149"	"87.501308612988211"
"10/06/2023 10:57:41.094"	"26.66721860909907"	"1.9885925897928847"	"2787.5910428060633"	"0.0007153956914112996"	"141857.1510791367"	"2500000000"	"622882.20486206014"	"15584219136"	"121155584"	"18.04915063687379"	"17588.897295633509"	"86.329555827327212"
"10/06/2023 10:57:42.099"	"19.654992740974734"	"2.3982670201847927"	"3196.2676900742226"	"0.00075079359712290573"	"144630.99657640833"	"2500000000"	"690286.38348661782"	"15601864704"	"106545152"	"19.895846187825846"	"27463.231285365408"	"78.770052790109233"
"10/06/2023 10:57:43.084"	"24.286982543032959"	"2.0953236131228934"	"2883.7951476281896"	"0.0007265938969641903"	"141461.68650933428"	"2500000000"	"732884.18422463501"	"15624167424"	"76062720"	"17.268234416935268"	"25317.263212217331"	"85.451254370336358"
"10/06/2023 10:57:44.088"	"23.707781471631648"	"2.2971644895684764"	"3002.4079998552243"	"0.00076487560151509873"	"145426.34029850745"	"2500000000"	"692449.88800375781"	"15561621504"	"148910080"	"18.920647428606721"	"22617.144442027151"	"82.619695906861494"
"10/06/2023 10:57:45.088"	"26.447230974916923"	"2.4351450403142789"	"2117.3529960293708"	"0.0011504016185025618"	"139273.67406707606"	"2500000000"	"608625.4674330547"	"15588679680"	"97181696"	"13.002167665744837"	"20122.354712855413"	"78.778261915977396"
"10/06/2023 10:57:46.088"	"19.087986217454059"	"2.4601404551819783"	"3193.8170459034527"	"0.00077031924958081402"	"145718.34189104571"	"2500000000"	"578662.8519712413"	"15602393088"	"103735296"	"19.998854388875724"	"27243.439391245953"	"73.179909519545689"
"10/06/2023 10:57:47.091"	"4.7269003410847521"	"3.2477993735959534"	"4011.8769198585023"	"0.00080954518589700195"	"149144.46731295052"	"2500000000"	"787739.96123348433"	"15660896256"	"69332992"	"25.928113327447441"	"40616.389527446416"	"50.527732494936785"
"10/06/2023 10:57:48.091"	"12.868642358231206"	"2.765608228331911"	"3492.6550470964899"	"0.00079184080137705015"	"146053.53335241912"	"2500000000"	"718787.00883071532"	"15594078208"	"153583616"	"21.997827379365237"	"30063.030817636147"	"66.409793766757602"
"10/06/2023 10:57:49.091"	"3.0989091839672436"	"3.2469570711109688"	"4054.5423698692621"	"0.00080081357386716553"	"148151.2899408284"	"2500000000"	"849234.69548785326"	"15613845504"	"129351680"	"26.99029684084568"	"35366.285627121455"	"60.821080979495214"
"10/06/2023 10:57:50.104"	"8.7520746664580393"	"2.9753102590712883"	"3296.0258408832483"	"0.00090260712505134649"	"147178.74977524724"	"2500000000"	"703318.77504075749"	"15652384768"	"84402176"	"19.754425177604126"	"33647.71240501311"	"59.226751239761995"
"10/06/2023 10:57:51.104"	"30.738250993518466"	"1.8618940582280867"	"2555.0928664017292"	"0.00072876715266598051"	"137837.21330724072"	"2500000000"	"502082.2484841948"	"15653969920"	"54034432"	"15.000545203924046"	"22214.807410664584"	"86.979900843642"
"10/06/2023 10:57:52.088"	"22.557108790061466"	"2.2573358845921034"	"2950.4746968574364"	"0.00076325558092507693"	"142011.07692307694"	"2500000000"	"712559.90354036249"	"15594745856"	"122900480"	"19.251036827023107"	"21537.857359580536"	"80.295751016644118"
"10/06/2023 10:57:53.088"	"29.256925097172289"	"1.9250976722346482"	"2704.0602878861191"	"0.00071360263181696499"	"142221.37879911045"	"2500000000"	"568313.69371495361"	"15616364544"	"95473664"	"16.035939438909526"	"24197.230367099546"	"89.58443467591556"
"10/06/2023 10:57:54.088"	"23.25757423500729"	"2.247365599767944"	"2979.6974693384823"	"0.00075422822265300954"	"142225.35302013424"	"2500000000"	"585008.60368823062"	"15635034112"	"70356992"	"18.998071113231934"	"23208.643611011918"	"86.329545828370101"
"10/06/2023 10:57:55.090"	"16.168066401120239"	"2.5380568720473806"	"3295.5811633090025"	"0.00077015144541727203"	"146151.48606060605"	"2500000000"	"675456.32326606172"	"15573528576"	"149352448"	"19.973219171569713"	"27259.449525358345"	"77.634511022347084"
"10/06/2023 10:57:56.091"	"16.892698021457718"	"2.4841850601058568"	"2738.5310628432644"	"0.00090677847014352503"	"144904.95626822158"	"2500000000"	"699768.53907053953"	"15606927360"	"111099904"	"17.96412504780567"	"34739.62382161487"	"63.21049919120717"
"10/06/2023 10:57:57.091"	"24.85739743048903"	"2.0645838380721537"	"2836.7262004728509"	"0.00072806765585340359"	"140176.78984485191"	"2500000000"	"514201.63535863132"	"15616360448"	"86175744"	"16.00409704074951"	"23679.061827853948"	"84.767214872602835"
"10/06/2023 10:57:58.092"	"7.3027987101918796"	"2.9560850045769866"	"3840.2587419846145"	"0.00076977111856210494"	"146511.51716961499"	"2500000000"	"864709.58237311838"	"15659147264"	"68677632"	"24.975668197090368"	"25107.539725171002"	"61.236145037378641"
"10/06/2023 10:57:59.099"	"12.095922153547246"	"2.7520459203744427"	"3498.1516731376396"	"0.00078639591367491021"	"146043.74666287986"	"2500000000"	"853902.69810517982"	"15570313216"	"155680768"	"21.857238514350488"	"31182.331273245654"	"65.057743368065289"
"10/06/2023 10:58:00.087"	"17.949170660289688"	"2.4460045135992288"	"3332.1809214262066"	"0.00073435601908104049"	"144668.9283110571"	"2500000000"	"678696.01882968668"	"15610863616"	"120049664"	"21.256318150045665"	"29526.038116039625"	"70.094202792239372"
"10/06/2023 10:58:01.088"	"7.1436785588432787"	"2.9847587869494285"	"3865.5639499428662"	"0.00077213748413636663"	"146182.94753166192"	"2500000000"	"991302.84365730488"	"15640166400"	"87588864"	"24.977797557139223"	"29938.388151987074"	"62.142869774536514"
"10/06/2023 10:58:02.090"	"28.3147620143754"	"2.1480920896992513"	"2289.320594888919"	"0.00093643477934514873"	"134836.75826086957"	"2500000000"	"598798.67622626724"	"15653519360"	"56225792"	"13.934994925410813"	"20862.678116900759"	"79.092016693242712"
"10/06/2023 10:58:03.092"	"34.876171115758822"	"2.0488252413192343"	"1853.8429704865887"	"0.001107069508744792"	"133142.38100377767"	"2500000000"	"453884.3881081568"	"15589142528"	"97378304"	"11.005004142122221"	"19012.645337899154"	"84.394611291989349"
"10/06/2023 10:58:04.092"	"19.247977037613349"	"2.3406539972648877"	"3141.5746355291149"	"0.00074527222774845329"	"143088.75899395096"	"2500000000"	"603028.30184780096"	"15602106368"	"108785664"	"20.003658933646069"	"22166.054464373206"	"74.481851957359282"
"10/06/2023 10:58:05.096"	"5.7456688162637679"	"3.1004704378368921"	"3906.518959579596"	"0.00079367835092182754"	"145192.13255161865"	"2500000000"	"798991.17141121684"	"15654686720"	"85794816"	"24.894971702648455"	"27147.468742304089"	"57.212442469872826"
"10/06/2023 10:58:06.096"	"6.4093270206628308"	"3.0731773163817797"	"3786.1563899315079"	"0.0008115922641134725"	"146921.69210456827"	"2500000000"	"911346.93880170747"	"15547662336"	"174751744"	"22.994876410991466"	"27569.857039543505"	"58.20750821163778"
"10/06/2023 10:58:07.096"	"22.117675432312065"	"2.2389646848116262"	"2923.9630354045198"	"0.00076580024711629755"	"140274.86730506155"	"2500000000"	"691213.26171627326"	"15587196928"	"120008704"	"17.999772447770642"	"26033.670883625604"	"82.033138317162866"
"10/06/2023 10:58:08.096"	"28.297071253125299"	"2.1225803129376111"	"2391.7599976930755"	"0.00088745817515177756"	"136758.79598662208"	"2500000000"	"453624.48083336855"	"15603482624"	"93634560"	"12.99869563963628"	"19863.006837028825"	"85.027599643436901"
"10/06/2023 10:58:09.087"	"8.9317712590537628"	"2.842220815790645"	"3647.4709283432753"	"0.00077924744446479651"	"146114.08965135584"	"2500000000"	"844622.65930948907"	"15640027136"	"71876608"	"24.222275119047762"	"24924.721097500147"	"61.627859213889067"
"10/06/2023 10:58:10.087"	"2.8697006902180102"	"3.2810577856729544"	"4081.5356128653552"	"0.00080387063644670039"	"149196.9505144537"	"2500000000"	"932491.90335301438"	"15578992640"	"170000384"	"25.997042120161499"	"26333.003895252816"	"55.733786966019451"
"10/06/2023 10:58:11.088"	"15.784431252654063"	"2.5534991255085204"	"3308.8692676492428"	"0.00077172196223956142"	"144426.53776435045"	"2500000000"	"700950.46579546004"	"15618527232"	"119570432"	"20.99282616937586"	"27758.514146248996"	"66.678425851359634"
"10/06/2023 10:58:12.088"	"5.5094209598571187"	"3.2099626329272795"	"3949.5693515110029"	"0.00081273418456632399"	"148121.72962025317"	"2500000000"	"765142.57128591358"	"15649591296"	"104210432"	"24.997274376651916"	"32127.496919848109"	"58.467905023182063"
"10/06/2023 10:58:13.090"	"21.290032222508685"	"2.5594950599240045"	"2435.3366702127914"	"0.0010509427530456851"	"141441.25901639345"	"2500000000"	"579182.94550455781"	"15640961024"	"60502016"	"14.971331989013061"	"30599.406407944163"	"65.559445253425736"
"10/06/2023 10:58:14.090"	"21.317759503476186"	"2.3110571078979598"	"3053.1469551845048"	"0.00075384857493997507"	"142607.86431833007"	"2500000000"	"670059.20522000955"	"15583895552"	"135028736"	"19.916157568065913"	"27668.521901435572"	"72.919516158851707"
"10/06/2023 10:58:15.090"	"15.698362660774482"	"2.5344356583608332"	"3318.3770479058139"	"0.00076692888981529323"	"143034.36490166414"	"2500000000"	"613948.95219097112"	"15610339328"	"115810304"	"20.080950365541991"	"27973.767906718269"	"76.30455143528529"
"10/06/2023 10:58:16.091"	"3.7046800794059731"	"3.2803893608777797"	"4013.3033006318328"	"0.00081739240577622773"	"148908.30156755412"	"2500000000"	"750169.16938214831"	"15660425216"	"93847552"	"25.963146508192995"	"39121.468875056809"	"55.922665052983909"
"10/06/2023 10:58:17.096"	"10.523884338827258"	"2.8753004335004011"	"3590.4862780521589"	"0.00080063761456981744"	"146475.71943443303"	"2500000000"	"777862.37790991936"	"15679090688"	"56537088"	"22.894700414527211"	"28835.377461218446"	"63.700733386301224"
"10/06/2023 10:58:18.096"	"19.787833232261068"	"2.4972265536923706"	"2956.894866167986"	"0.00084460610478571344"	"144916.95096381468"	"2500000000"	"602482.57843952533"	"15586091008"	"128950272"	"17.999360024018852"	"24342.134503593941"	"73.049831043500731"
"10/06/2023 10:58:19.096"	"31.336856913251598"	"2.0071986779725992"	"2252.5743735236533"	"0.00089059444836624125"	"138635.24401064773"	"2500000000"	"527162.36545529414"	"15596449792"	"91537408"	"13.991145177165549"	"23063.403457044751"	"84.376567030326854"
"10/06/2023 10:58:20.096"	"20.72783808648758"	"2.3230577050813599"	"3087.3282345901416"	"0.00075285162090837812"	"142403.02786779002"	"2500000000"	"594673.84139617719"	"15629250560"	"69664768"	"19.008177724307416"	"21444.225764238396"	"83.204871731878356"
"10/06/2023 10:58:21.096"	"6.7392890050099714"	"3.0677763495951176"	"3879.0398438861121"	"0.00079095122869273751"	"147928.00618716163"	"2500000000"	"727505.47263404459"	"15561678848"	"164745216"	"25.000256792253882"	"23725.243695848934"	"56.645203930985289"
"10/06/2023 10:58:22.096"	"9.6190044330411801"	"2.8793019922438026"	"3610.1009040540043"	"0.00079524994208677615"	"146024.77547638773"	"2500000000"	"781580.3652924872"	"15606509568"	"126730240"	"22.930770724452387"	"22292.697104293715"	"62.894460423346189"
"10/06/2023 10:58:23.096"	"6.46931748700512"	"2.9954839764404855"	"3860.8691354522689"	"0.00077812989793805639"	"147373.01610389611"	"2500000000"	"816085.44727309886"	"15633440768"	"100421632"	"25.07057880163811"	"23113.068008806204"	"57.296175253510761"
"10/06/2023 10:58:24.096"	"19.277950753834865"	"2.7777047299872022"	"2502.6944864913548"	"0.0011098680966545066"	"141994.39392728725"	"2500000000"	"750952.32837092003"	"15663099904"	"52445184"	"14.998169116008917"	"28269.549027794674"	"67.841958399822104"
"10/06/2023 10:58:25.097"	"27.917144076161009"	"1.9796974769481082"	"2844.7741043099304"	"0.00069592270266651804"	"141060.7690685413"	"2500000000"	"628876.0626809235"	"15592357888"	"121548800"	"17.998570782980227"	"24157.081752556631"	"82.68406142051667"
"10/06/2023 10:58:26.097"	"15.498377319894608"	"2.5326348331329709"	"3402.5980741473418"	"0.00074431386516612681"	"144693.63737878343"	"2500000000"	"602036.88546244707"	"15611019264"	"107974656"	"20.99751970528774"	"25027.043724921528"	"79.429233759225411"
"10/06/2023 10:58:27.097"	"7.9291579234285319"	"2.8286995921033187"	"3744.6715790820936"	"0.00075540716794417239"	"146871.95086782376"	"2500000000"	"780423.55409904977"	"15640756224"	"80846848"	"23.997895299858545"	"25576.756828128404"	"62.113403556542288"
"10/06/2023 10:58:28.097"	"5.3194451818675308"	"3.1341731057450706"	"3970.562356658058"	"0.0007893477914882503"	"148193.50692520777"	"2500000000"	"808116.92773235519"	"15556640768"	"177582080"	"24.99724475357629"	"24126.340746361693"	"59.639629586634115"
"10/06/2023 10:58:29.097"	"3.6196210256786112"	"3.2809564838561402"	"3974.5415056485226"	"0.00082548427359888804"	"148779.47169811319"	"2500000000"	"858388.97813866392"	"15606558720"	"145072128"	"25.99700104323562"	"29146.637708089165"	"55.343215565330304"
"10/06/2023 10:58:30.097"	"25.147377128565491"	"2.3127587792593234"	"2443.9109230317849"	"0.00094601229983078746"	"135829.72597137015"	"2500000000"	"665549.41204786173"	"15621091328"	"86261760"	"13.993763976460118"	"27334.818818875345"	"75.653579331675701"
"10/06/2023 10:58:31.097"	"32.526594465559455"	"1.9714935846216901"	"2156.2222707971982"	"0.00091409356003153985"	"138540.50625869262"	"2500000000"	"452376.8319084674"	"15623753728"	"62144512"	"11.995673272863412"	"20661.547573067823"	"84.506832134675506"
"10/06/2023 10:58:32.082"	"13.966802484932867"	"2.7221551984997521"	"3529.9603739946433"	"0.00077163843553605465"	"146412.24532104807"	"2500000000"	"708321.66569360066"	"15559405568"	"148332544"	"22.360820105926333"	"25676.319887086865"	"67.860477839356975"
"10/06/2023 10:58:33.084"	"9.5094092760944733"	"2.9395350248107772"	"3707.8259041111751"	"0.00079190859105272328"	"143977.70322580644"	"2500000000"	"904350.69874143857"	"15614803968"	"114638848"	"23.921457445878548"	"28441.616175756015"	"65.569342702246828"
"10/06/2023 10:58:34.084"	"15.258414650717791"	"2.421948359565441"	"3393.4507555520054"	"0.0007145132905349474"	"142661.92802359883"	"2500000000"	"850312.67180004122"	"15645573120"	"81870848"	"21.021376361826583"	"24456.86987010224"	"73.961045447378012"
"10/06/2023 10:58:35.084"	"2.70970653878185"	"3.3358387286656854"	"3473.2247434651754"	"0.00096033391688520595"	"146723.8134715026"	"2500000000"	"854025.37347836746"	"15568871424"	"166326272"	"22.99486732864106"	"27242.919123397402"	"51.95832291362845"
"10/06/2023 10:58:36.088"	"28.595879584662772"	"1.9231525563292529"	"2717.5190749302997"	"0.00070776840863338917"	"138094.78636863321"	"2500000000"	"527905.71356073627"	"15596376064"	"113594368"	"15.932687870606372"	"25524.165968711412"	"86.776148129045879"
"10/06/2023 10:58:37.088"	"17.578152536168449"	"2.5569312665238884"	"3334.0743083415955"	"0.000766546728720794"	"144787.95203836932"	"2500000000"	"658629.58931060997"	"15604723712"	"93507584"	"19.988455085980789"	"26063.946009364648"	"77.736719870741595"
"10/06/2023 10:58:38.089"	"21.477751279441044"	"2.3035588173918189"	"3030.213898190384"	"0.000759828460992284"	"142153.62532981532"	"2500000000"	"620192.43939090637"	"15638986752"	"63541248"	"18.988807409504386"	"22724.605414595298"	"80.470794707794084"
"10/06/2023 10:58:39.089"	"17.128213527329102"	"2.5384352412043425"	"3315.8504795619274"	"0.00076628432627175527"	"145477.85330516149"	"2500000000"	"661698.83113576134"	"15568125952"	"143532032"	"20.017207845227453"	"23705.378390710612"	"77.085719959408223"
"10/06/2023 10:58:40.089"	"8.6490944398121528"	"3.0050853675620162"	"3757.5991902114338"	"0.00079973392445412226"	"147718.1309207025"	"2500000000"	"828465.63050730294"	"15605309440"	"118870016"	"23.997440278093244"	"22618.587355447802"	"62.243533102084214"
"10/06/2023 10:58:41.092"	"18.900335254286226"	"2.6768334595514394"	"2710.9018102999034"	"0.00098739436811987199"	"142813.56560088202"	"2500000000"	"759572.56963479123"	"15632678912"	"71356416"	"16.936909509407702"	"29818.923624504267"	"64.713402868367481"
"10/06/2023 10:58:42.093"	"13.758559478822569"	"2.6582216841896655"	"3439.7037614068963"	"0.0007728197194947832"	"144969.82325581394"	"2500000000"	"768077.85061108693"	"15662452736"	"51519488"	"21.998105450858059"	"24437.895328135044"	"69.664636112599013"
"10/06/2023 10:58:43.093"	"20.317880845027865"	"2.3366562867492919"	"3163.7250298738877"	"0.00073859041569504123"	"144575.59544879899"	"2500000000"	"647633.71194659243"	"15583248384"	"128487424"	"19.998261882894358"	"26557.69178048371"	"78.648057007654103"
"10/06/2023 10:58:44.093"	"13.018636948711471"	"2.6464229195203264"	"3415.4562267099263"	"0.00077479512724425094"	"144779.39110070257"	"2500000000"	"846821.17797111603"	"15643820032"	"95498240"	"21.996497947195078"	"30495.144881338631"	"65.758795054157829"
"10/06/2023 10:58:45.093"	"15.708356905867646"	"2.5298353792193335"	"3370.7749491985542"	"0.00075054876628914528"	"144657.69445268466"	"2500000000"	"682524.43105145567"	"15651352576"	"71749632"	"20.998598022298914"	"28683.084965221158"	"70.185408606259784"
"10/06/2023 10:58:46.093"	"2.8283372205480397"	"3.2350980858353373"	"4088.6481738342832"	"0.00079124904134648922"	"149203.13273038378"	"2500000000"	"869467.87447916484"	"15558959104"	"171286528"	"26.984478292233106"	"25040.596430070389"	"55.364781045223509"
"10/06/2023 10:58:47.094"	"32.936538369817328"	"1.8270079814611484"	"1954.6054279782443"	"0.00093415150374880323"	"137555.23926380367"	"2500000000"	"463713.14990835194"	"15594815488"	"91070464"	"9.992870286187344"	"23379.319321563908"	"76.304570389652042"
"10/06/2023 10:58:48.094"	"15.696651904148846"	"2.5593540897726514"	"3338.3188394055146"	"0.00076712608136991019"	"144982.8420737189"	"2500000000"	"687931.77497920173"	"15629021184"	"88145920"	"23.009089992905853"	"23393.241756265674"	"69.928294294826927"
"10/06/2023 10:58:49.094"	"10.428887237731734"	"2.807300461040807"	"3545.5167601516823"	"0.00079176542090190572"	"144735.15172024816"	"2500000000"	"821404.04589192604"	"15674724352"	"52367360"	"22.996865618581133"	"20917.149075683359"	"66.409834070704648"
"10/06/2023 10:58:50.094"	"18.708078680319531"	"2.4326501668278668"	"3222.7759180479343"	"0.00075485568899468056"	"144178.43748060812"	"2500000000"	"670051.41083837568"	"15590121472"	"131059712"	"19.998609482146662"	"22493.436015044459"	"81.90289857231663"
"10/06/2023 10:58:51.094"	"8.8872511732121247"	"2.8899061520271778"	"3698.7389608225208"	"0.00078129730220886592"	"146044.40216216215"	"2500000000"	"736436.92096497864"	"15621881856"	"106889216"	"22.992161107815669"	"23395.023756791743"	"59.517731165750433"
"10/06/2023 10:58:52.095"	"19.395265416862809"	"2.5237826822962597"	"2696.8297555118006"	"0.00093579106979715596"	"143068.62097072991"	"2500000000"	"722068.92286795203"	"15658340352"	"57061376"	"16.986330434864989"	"29537.23023441435"	"66.822075269417823"
"10/06/2023 10:58:53.097"	"24.969811089052172"	"2.0028763704817099"	"2910.5225471954509"	"0.00068819888200258956"	"140208.25797598629"	"2500000000"	"595242.29869329184"	"15571791872"	"127422464"	"16.973887925325101"	"25044.472401819381"	"85.440104152366771"
"10/06/2023 10:58:54.097"	"2.7585536903001757"	"3.1030730587952737"	"3967.8837994870892"	"0.00078204036212321413"	"147243.46196473553"	"2500000000"	"835804.23861991894"	"15613382656"	"137011200"	"26.985607704320252"	"26702.758556900895"	"52.238581311818223"
"10/06/2023 10:58:55.082"	"2.7831985818282732"	"3.1779252128131148"	"4094.583396202489"	"0.00077613491558944361"	"148094.76159761846"	"2500000000"	"930556.29292023752"	"15655686144"	"102645760"	"26.410113694186236"	"32213.228291681848"	"59.528077191707936"
"10/06/2023 10:58:56.086"	"2.907204231296372"	"3.2429265829378573"	"3998.4267025385661"	"0.00081105579794398474"	"148426.9641434263"	"2500000000"	"904052.64068707265"	"15684726784"	"63918080"	"25.886228651893106"	"29486.405682864086"	"49.31163974880959"
"10/06/2023 10:58:57.086"	"2.4592285400069995"	"3.3508488387192936"	"4036.7002847472622"	"0.00083008918880504625"	"149040.43585933631"	"2500000000"	"910806.74329698621"	"15582064640"	"164859904"	"24.991953224041989"	"24918.976720627787"	"51.838028410487638"
"10/06/2023 10:58:58.087"	"24.347443518430563"	"2.2577629348918364"	"2474.7350511114641"	"0.00091232310622297002"	"138534.16727272727"	"2500000000"	"650224.38599090045"	"15623884800"	"84897792"	"14.998394249160389"	"23065.53056930879"	"72.659120792316799"
"10/06/2023 10:58:59.089"	"11.190560991200449"	"2.8025273911919912"	"3199.2714567752009"	"0.00087590406089699995"	"145761.67581047383"	"2500000000"	"608104.91289559647"	"15640174592"	"81698816"	"19.945582648224445"	"23539.776641434488"	"64.416529436012681"
"10/06/2023 10:59:00.089"	"34.106493852431967"	"1.8658081949175624"	"2379.5760250202829"	"0.00078403364166401734"	"137315.81848739495"	"2500000000"	"616750.11209832423"	"15560683520"	"135659520"	"13.997506029531076"	"21553.159819900102"	"89.324007492029821"
"10/06/2023 10:59:01.089"	"23.387551323376442"	"2.2264668889167303"	"2985.2228962026275"	"0.00074596308177939964"	"139881.48743718592"	"2500000000"	"656739.03641785716"	"15586967552"	"122077184"	"18.001344097704287"	"27636.063488664458"	"86.329561294932418"
"10/06/2023 10:59:02.089"	"9.7489802566651527"	"2.8946972146713454"	"3685.5792077878168"	"0.00078540420811483631"	"143977.01139446555"	"2500000000"	"794521.2874277517"	"15614271488"	"115261440"	"22.997374329658108"	"35147.987062440945"	"63.024697616629297"
"10/06/2023 10:59:03.091"	"4.5925050317881215"	"3.1762164148110283"	"3567.1536294983221"	"0.00088692504474655845"	"143817.18873710622"	"2500000000"	"793356.04990378488"	"15677317120"	"62418944"	"24.861678488279356"	"28828.607907869213"	"49.951469202261912"
"10/06/2023 10:59:04.091"	"28.997019106435857"	"1.8210127998841719"	"2747.551662995621"	"0.0006654001299430083"	"138416.96455973695"	"2500000000"	"558514.91367953003"	"15587651584"	"124985344"	"16.061683086565559"	"23963.027309962905"	"88.282454563670854"
"10/06/2023 10:59:05.094"	"20.325497035158925"	"2.3789504009027351"	"3141.8270169418506"	"0.00075713831766624224"	"144655.59390862944"	"2500000000"	"591468.87138991849"	"15587831808"	"121430016"	"18.938678084357601"	"23899.614969928538"	"78.45379687561524"
"10/06/2023 10:59:06.094"	"8.4991135424575219"	"2.8470030575810945"	"3785.7577119850266"	"0.00075206018414830092"	"145697.9440042261"	"2500000000"	"744932.32442541071"	"15615733760"	"101793792"	"23.99846410133139"	"25099.393641979965"	"64.456837151885054"
"10/06/2023 10:59:07.095"	"9.6689876569923126"	"2.8759988829169587"	"3638.6894991094109"	"0.0007904094795815721"	"147199.64825501511"	"2500000000"	"818260.17526963563"	"15661821952"	"65658880"	"22.998037504676134"	"22200.105594731282"	"69.404243375718551"
"10/06/2023 10:59:08.096"	"2.9746693924487317"	"3.231608956749505"	"4062.7132122273292"	"0.00079542998154516953"	"149182.96216216215"	"2500000000"	"967009.59411939851"	"15582920704"	"165072896"	"28.948079399162786"	"28530.827771961063"	"56.198282677442023"
"10/06/2023 10:59:09.099"	"20.834220966270813"	"2.6066723588259517"	"2484.5298735270976"	"0.0010491565373396575"	"141517.62248995985"	"2500000000"	"670044.77938591037"	"15618113536"	"89944064"	"14.967047430886131"	"25293.312355035501"	"67.259440830662783"
"10/06/2023 10:59:10.083"	"11.356275515433209"	"2.7525255269875588"	"3586.7282595871625"	"0.00076743134506011064"	"144957.33559898045"	"2500000000"	"739044.79920752055"	"15631470592"	"91910144"	"31.489259713169652"	"29855.8813383704"	"66.934670028584705"
"10/06/2023 10:59:11.083"	"10.038945910679379"	"2.9270926552711964"	"3651.5282775750497"	"0.00080158818308923528"	"144425.49835706461"	"2500000000"	"777765.52441516798"	"15682617344"	"53362688"	"23.99689996215805"	"32643.782915189"	"68.492888246734097"
"10/06/2023 10:59:12.083"	"13.548581463520771"	"2.6264250133011076"	"3469.6915835795667"	"0.00075697411935805642"	"146393.63688760807"	"2500000000"	"749029.41973865102"	"15591206912"	"138616832"	"21.998044622118289"	"23989.86757153918"	"72.528916222471508"
"10/06/2023 10:59:13.083"	"23.007591105211283"	"2.2650628479198227"	"2469.2656442749139"	"0.00091638334308232513"	"140228.3495145631"	"2500000000"	"511567.51272859582"	"15618043904"	"82509824"	"13.9845141666055"	"22393.20275621158"	"71.877944379223507"
"10/06/2023 10:59:14.083"	"14.988430711304526"	"2.5238357543965146"	"3409.089554959527"	"0.00074107460380006213"	"144567.39401056958"	"2500000000"	"674879.62303096021"	"15649746944"	"71360512"	"21.019048929580173"	"21486.472541490359"	"73.440280802599972"
"10/06/2023 10:59:15.084"	"28.196991381019643"	"2.0645797093450127"	"2212.7237652035042"	"0.00093303220382340746"	"139152.94713059196"	"2500000000"	"519021.20577696618"	"15573712896"	"122671104"	"13.998252468526461"	"19677.54347004291"	"78.908500463000593"
"10/06/2023 10:59:16.084"	"27.867126899216693"	"1.9958942233055772"	"2709.6157036578247"	"0.00073656825030297783"	"140056.74981549816"	"2500000000"	"505596.29285507195"	"15596343296"	"99651584"	"15.997731091706715"	"19825.188255397545"	"83.335048156535066"
"10/06/2023 10:59:17.084"	"11.198831961826382"	"2.818706008963265"	"3665.7769763795582"	"0.00076895790130210003"	"146334.23677032188"	"2500000000"	"693247.82322809158"	"15622086656"	"94416896"	"22.99860077924982"	"22174.650907854088"	"68.232483351986389"
"10/06/2023 10:59:18.090"	"11.43741587139694"	"2.8402750464999023"	"3557.7538769747725"	"0.00079773941648989672"	"146682.06977393245"	"2500000000"	"796384.78606568207"	"15671107584"	"53284864"	"28.795663531194084"	"20317.8230060446"	"60.019355168231371"
"10/06/2023 10:59:19.090"	"14.658476984241336"	"2.6061292231737121"	"3428.2563807796446"	"0.00076077057424344709"	"145919.70110916521"	"2500000000"	"701135.46740992309"	"15584563200"	"138457088"	"32.021075360463698"	"27595.162350484607"	"71.747725411329768"
"10/06/2023 10:59:20.093"	"11.488057456242917"	"2.8868730494859043"	"3199.5642271287661"	"0.00090183799398487103"	"145142.27040498442"	"2500000000"	"750468.25533734646"	"15632252928"	"98484224"	"21.928477569106811"	"30313.12999234892"	"57.539930224012139"
"10/06/2023 10:59:21.093"	"21.557751526515784"	"2.1111798039464484"	"2997.9344654304778"	"0.0007045045299455331"	"140599.26593259926"	"2500000000"	"666801.84419391525"	"15636832256"	"76226560"	"25.007795006927577"	"25350.901954422625"	"86.980527930936802"
"10/06/2023 10:59:22.099"	"4.1349837617398499"	"3.2212119895842144"	"3993.1147138936753"	"0.00080674632038529143"	"147597.73363206373"	"2500000000"	"895875.21684372728"	"15551610880"	"174166016"	"24.851348729734102"	"26907.052296657705"	"48.100447105059111"
"10/06/2023 10:59:23.084"	"3.1076723148441725"	"3.2382757984026562"	"3996.2849311737873"	"0.00081031759243272252"	"147940.02541296062"	"2500000000"	"966749.56463092146"	"15593312256"	"142790656"	"26.404932200894145"	"24371.752421425295"	"53.981568050203734"
"10/06/2023 10:59:24.084"	"2.5897267838243065"	"3.1925631845840265"	"4039.5196472051184"	"0.0007903217734262488"	"147945.31485148513"	"2500000000"	"944053.73941165046"	"15629365248"	"108032000"	"30.996314124593731"	"24284.112294967996"	"50.786442030365798"
"10/06/2023 10:59:25.086"	"2.675007633254058"	"3.2201901591060604"	"4072.4319281187113"	"0.00079073530564025799"	"148042.29019607842"	"2500000000"	"851621.37519573455"	"15665479680"	"72134656"	"25.951772090952574"	"24479.508097331225"	"52.172590294732935"
"10/06/2023 10:59:26.093"	"22.049639586181577"	"2.475496456917774"	"2491.7923554103909"	"0.00099342639830779815"	"143763.07250996016"	"2500000000"	"671946.05837197439"	"15570665472"	"131399680"	"15.883935333293328"	"23708.758976856956"	"68.587831279453908"
"10/06/2023 10:59:27.094"	"24.090156937730391"	"2.1554245767761095"	"2904.680437895533"	"0.0007405423573678576"	"142013.82492276005"	"2500000000"	"627861.68366814323"	"15595106304"	"109297664"	"17.948591789261787"	"21723.778928936517"	"88.811296135373297"
"10/06/2023 10:59:28.094"	"15.408399067336903"	"2.5155386355357678"	"3424.7635987801714"	"0.00073604443242391692"	"144735.71913399649"	"2500000000"	"672496.1190948186"	"15616446464"	"98787328"	"26.051449259299137"	"23510.430977699805"	"72.398697775301144"
"10/06/2023 10:59:29.094"	"23.687503337148264"	"2.3562516510759766"	"2359.6998234697189"	"0.00099851704833627615"	"135294.69830508475"	"2500000000"	"497778.67776093719"	"15638663168"	"55828480"	"19.997456131099312"	"19431.528122589199"	"73.830888224381155"
"10/06/2023 10:59:30.096"	"11.210919015835048"	"2.6498898874116255"	"3612.8996532873416"	"0.0007334622527061127"	"145182.20502901354"	"2500000000"	"663393.86576528999"	"15590776832"	"144470016"	"33.942688093884946"	"26936.517945564814"	"69.063064663941958"
"10/06/2023 10:59:31.100"	"2.8466319317851436"	"3.2500374989014089"	"3916.4440215818513"	"0.00082980940766466476"	"145078.42033036848"	"2500000000"	"835031.64848257031"	"15619416064"	"116629504"	"24.882109412845306"	"33564.970313551807"	"50.492910244202193"
"10/06/2023 10:59:32.101"	"31.687458665815001"	"1.8196540637440877"	"2284.7804389129947"	"0.0007957149364469625"	"137431.81460428509"	"2500000000"	"495738.41250433156"	"15617753088"	"75407360"	"14.985442319062056"	"24075.611629805098"	"84.115853908516542"
"10/06/2023 10:59:33.090"	"8.2991242958127334"	"2.9539221701856233"	"3774.0238547116232"	"0.00078343159715361878"	"147322.02895442359"	"2500000000"	"772634.75709989259"	"15555002368"	"164286464"	"24.283263408332161"	"24000.970471210301"	"60.77670099195258"
"10/06/2023 10:59:34.090"	"23.367562763203797"	"2.1825723577030915"	"2927.4980615707536"	"0.00074549188234484815"	"142578.01092896174"	"2500000000"	"682632.95817535243"	"15603503104"	"116580352"	"29.994857188224934"	"19127.720428931039"	"88.803247821252242"
"10/06/2023 10:59:35.090"	"20.517843574640303"	"2.3740504872937853"	"3210.8794931558259"	"0.00073942687794674629"	"144506.45904702586"	"2500000000"	"635686.14219685143"	"15655022592"	"96219136"	"33.998724001027121"	"19600.264386592135"	"76.955551971487807"
"10/06/2023 10:59:36.090"	"10.958856991215816"	"2.8305047783516177"	"3612.6360610860715"	"0.0007835040511184855"	"146663.55494049267"	"2500000000"	"730132.44606183667"	"15676829696"	"66400256"	"25.997381009753074"	"31820.794355937764"	"65.888977779617591"
"10/06/2023 10:59:37.097"	"16.075403777779503"	"2.4684388557412342"	"2834.5209197737458"	"0.00087083770810886967"	"143441.8338590957"	"2500000000"	"659895.94317275938"	"15586045952"	"133378048"	"17.883412743052027"	"23291.158051964925"	"62.483683663872647"
"10/06/2023 10:59:38.097"	"15.558333702460466"	"2.5301290231816171"	"3361.6188512772055"	"0.0007526472746820969"	"144095.86674598453"	"2500000000"	"688115.97969537927"	"15614164992"	"110923776"	"24.9971657590512"	"21664.543620054494"	"69.925091022751459"
"10/06/2023 10:59:39.098"	"12.419201563142206"	"2.7506934137400094"	"3547.1633950193655"	"0.0007754855161591622"	"145755.43371798479"	"2500000000"	"727411.09679658595"	"15640735744"	"86679552"	"24.958931853499614"	"23500.331875981097"	"61.652770105903642"
"10/06/2023 10:59:40.085"	"2.2704775280500269"	"3.3218910726242648"	"4041.0400735963931"	"0.00082199648744840702"	"148680.58791070982"	"2500000000"	"840070.10043625277"	"15548809216"	"181481472"	"33.447284281083768"	"24237.118454956246"	"50.903457471016445"
"10/06/2023 10:59:41.085"	"3.1896660419654062"	"3.2769569026122967"	"4071.7603195696929"	"0.00080483791636954793"	"149336.01571709235"	"2500000000"	"886793.79969771707"	"15597371392"	"148021248"	"36.997822157190235"	"30194.222644824767"	"53.390290036633161"
"10/06/2023 10:59:42.086"	"11.018899560582669"	"2.7627168390563348"	"3593.0571701271001"	"0.0007664910538995799"	"146353.66740576498"	"2500000000"	"830685.34032422933"	"15626579968"	"101228544"	"25.892318853465799"	"25794.724728556583"	"64.358824919775827"
"10/06/2023 10:59:43.086"	"26.947189408144727"	"2.1110798143753606"	"2209.614207914005"	"0.00095837500037535721"	"136974.75805719473"	"2500000000"	"582086.40393901279"	"15625420800"	"68567040"	"13.039030732129852"	"21411.091464521225"	"82.03312394517252"
"10/06/2023 10:59:44.086"	"27.717064762841616"	"2.609223683211948"	"2460.3118626707687"	"0.0010551961304558122"	"140575.78002426203"	"2500000000"	"463437.99205992674"	"15561732096"	"127541248"	"14.923040008112224"	"21567.772289057659"	"79.038679803808776"
"10/06/2023 10:59:45.086"	"28.477052625053307"	"1.90980233545828"	"2671.3204305668987"	"0.00071858539512676919"	"141364.3942814146"	"2500000000"	"513723.66212544666"	"15596834816"	"109563904"	"16.080183178732273"	"17229.916276011631"	"84.637000070492704"
"10/06/2023 10:59:46.087"	"13.546934328761401"	"2.6314045131586723"	"3525.2827587024099"	"0.00074645488848277045"	"145775.08338060125"	"2500000000"	"675794.50529076497"	"15611002880"	"101539840"	"26.994507794941878"	"21557.613965723584"	"67.194923788746607"
"10/06/2023 10:59:47.089"	"2.5040131549478351"	"3.2537206792280338"	"3985.4412578438873"	"0.00081639547632074514"	"148534.98072590737"	"2500000000"	"977976.40670138563"	"15655133184"	"65187840"	"26.935397737618263"	"24006.422635483181"	"51.288344696664744"
"10/06/2023 10:59:48.093"	"9.6703708203780909"	"2.8786034829269651"	"3147.9016723167824"	"0.00091036227291130701"	"146835.47212598426"	"2500000000"	"837744.37966428325"	"15572922368"	"144003072"	"19.829301872861624"	"20940.734242835515"	"55.650494274463249"
"10/06/2023 10:59:49.093"	"29.826889055471511"	"1.8774041867433227"	"2722.4458117926074"	"0.0006925857051701779"	"140171.28439690152"	"2500000000"	"555240.3629712296"	"15594401792"	"104169472"	"17.071773810577032"	"23392.347008445962"	"89.063640662278914"
"10/06/2023 10:59:50.093"	"31.016727735223931"	"1.9103984529632123"	"2592.1566811610123"	"0.00073711422755671553"	"141672.29629629629"	"2500000000"	"575938.81223277445"	"15601360896"	"82276352"	"16.000967167660569"	"21030.271160545883"	"86.850347288361078"
"10/06/2023 10:59:51.093"	"18.538088723052653"	"2.287964110900166"	"3235.7814054212922"	"0.00070710757789673459"	"143050.52163164399"	"2500000000"	"635821.04684079252"	"15641755648"	"57315328"	"19.998648982826278"	"18930.721127143355"	"80.991539772249482"
"10/06/2023 10:59:52.097"	"3.0093691027077747"	"3.1085188463234776"	"3975.9418826433298"	"0.00078182957665768823"	"147477.55789473685"	"2500000000"	"810111.61102351965"	"15565975552"	"154554368"	"28.897823207182096"	"24421.650040055822"	"51.084259744028238"
"10/06/2023 10:59:53.097"	"2.579732997634745"	"3.1884699933556875"	"4092.597410472194"	"0.0007790862502133919"	"147928.34595651113"	"2500000000"	"847454.63573828049"	"15603433472"	"122458112"	"25.997442626991702"	"25459.495544940874"	"52.348681911422169"
"10/06/2023 10:59:54.082"	"22.285910763922217"	"2.4642488383443619"	"2473.3561202423275"	"0.00099630379922447743"	"142441.34373716632"	"2500000000"	"547008.86160559324"	"15627509760"	"69160960"	"22.346544002189404"	"23297.287874282552"	"66.80243397900513"
"10/06/2023 10:59:55.085"	"30.890083814761933"	"1.8636685083467497"	"2447.7410239100127"	"0.00076090313690752455"	"138330.81855166802"	"2500000000"	"530793.33811329014"	"15579136000"	"125558784"	"15.933220660113996"	"17337.335730786541"	"85.338629554456375"
"10/06/2023 10:59:56.090"	"13.936651403662523"	"2.5248119148919237"	"3438.093458583402"	"0.00073482926184690765"	"144761.70005790389"	"2500000000"	"608433.04874701425"	"15584206848"	"130793472"	"37.82500041290367"	"25475.137778090622"	"72.540350137227776"
"10/06/2023 10:59:57.092"	"2.4459858925517333"	"3.2644427230472073"	"4061.4038919824593"	"0.00080378558587966868"	"146117.85250737463"	"2500000000"	"947599.00865989365"	"15614951424"	"109674496"	"27.954599059859603"	"24954.471553613956"	"50.601897226461659"
"10/06/2023 10:59:58.092"	"5.3494441927483729"	"3.2390634613063702"	"3990.2901549719818"	"0.00081126977672644736"	"147488.44077134985"	"2500000000"	"945214.09587307251"	"15679844352"	"70180864"	"28.980319182115569"	"33316.374524570725"	"60.941558172105914"
"10/06/2023 10:59:59.100"	"7.2033549774637189"	"3.0076487525049269"	"3698.8075167930524"	"0.00081355337863401591"	"147260.32420826625"	"2500000000"	"847152.0017930367"	"15581659136"	"162168832"	"35.737270693652682"	"24510.804186027173"	"58.91681583531583"
"10/06/2023 11:00:00.084"	"31.935757931830565"	"2.025442153819025"	"2057.2258842746851"	"0.00098420523905298827"	"134937.0187561698"	"2500000000"	"471667.26606745576"	"15596072960"	"96264192"	"11.169538364768773"	"24947.671644000362"	"86.906115778905416"
"10/06/2023 11:00:01.085"	"5.5194177014324985"	"3.0336799467656164"	"3884.1477873801573"	"0.0007813546562889809"	"146711.27272727274"	"2500000000"	"819544.17988569092"	"15627870208"	"91525120"	"30.008867788154703"	"24675.291686606673"	"63.024730890891014"
"10/06/2023 11:00:02.088"	"2.8012209734691478"	"3.2393478837323828"	"4097.1933118223415"	"0.00079063259163139512"	"148942.91776155718"	"2500000000"	"894442.22207125404"	"15675809792"	"52969472"	"33.894056594150754"	"24127.583874947963"	"57.165493343860341"
"10/06/2023 11:00:03.090"	"2.6234382562335088"	"3.2624399851092449"	"4010.9601409368179"	"0.00081337979528455515"	"148412.51429992539"	"2500000000"	"936009.06992498005"	"15577436160"	"151687168"	"25.935081736970222"	"24709.150373326516"	"48.176500935859238"
"10/06/2023 11:00:04.097"	"2.3034661804499663"	"3.2771770783668979"	"4093.5539621481071"	"0.00080055780996105528"	"148645.16129032258"	"2500000000"	"1008005.1470760705"	"15610781696"	"119357440"	"30.778601219158702"	"25231.502992983227"	"50.873450546666142"
"10/06/2023 11:00:05.082"	"27.537455663020367"	"2.1316895778094631"	"2377.3778727453769"	"0.00089568933057219957"	"139169.59795134442"	"2500000000"	"555115.19660457643"	"15634472960"	"64749568"	"14.205416226391495"	"21579.04192047628"	"78.309129118568805"
"10/06/2023 11:00:06.082"	"21.447737263718679"	"2.2742600655630829"	"3094.0154750022543"	"0.00073584594094376523"	"142729.23455192495"	"2500000000"	"535047.46547753317"	"15566057472"	"138969088"	"19.018535757050415"	"26107.444716599417"	"82.684116825674892"
"10/06/2023 11:00:07.083"	"10.743939343816153"	"2.6818871474601176"	"3559.9129282567214"	"0.00075334085669716332"	"144689.30263896688"	"2500000000"	"754841.45876065409"	"15597211648"	"129015808"	"24.985351826619326"	"33788.190982173845"	"61.74033227856166"
"10/06/2023 11:00:08.089"	"4.1552236479543421"	"3.1449476208213287"	"4011.168358799102"	"0.00078406449066949625"	"148623.25848822799"	"2500000000"	"874874.09166419914"	"15645790208"	"106614784"	"31.811000615011466"	"31715.567613166433"	"55.214959759442372"
"10/06/2023 11:00:09.089"	"12.318705304072541"	"2.7335127078144086"	"3501.6251107039789"	"0.0007806396436321921"	"147071.19588806396"	"2500000000"	"744986.24064299569"	"15664033792"	"71016448"	"21.99764489876857"	"31995.574505258886"	"72.268544575965066"
"10/06/2023 11:00:10.091"	"10.528754027248416"	"2.7807886465900458"	"3608.7091744142908"	"0.00077057511941460073"	"146635.89380530972"	"2500000000"	"814256.92279396264"	"15562203136"	"159571968"	"22.953625832834263"	"25342.798886912751"	"65.824163420633511"
"10/06/2023 11:00:11.091"	"26.277238262258635"	"2.1215770222549608"	"2227.6954938791696"	"0.00095233395677899173"	"140392.78994614002"	"2500000000"	"504553.03209708008"	"15595253760"	"90923008"	"13.998086586314352"	"22143.97311622171"	"76.044187755866858"
"10/06/2023 11:00:12.091"	"13.138640150744399"	"2.5866322835586515"	"3507.742246412221"	"0.00073742878392940364"	"143678.75940706956"	"2500000000"	"809134.54371245462"	"15618633728"	"97415168"	"22.998310053443866"	"22015.382280290156"	"72.659079785242227"
"10/06/2023 11:00:13.091"	"2.5597289247068735"	"3.1437670750667506"	"4068.5676276424792"	"0.00077269600910221585"	"146707.06316048169"	"2500000000"	"865452.02720574639"	"15660060672"	"61857792"	"41.995537075690372"	"23979.451670219201"	"51.958217624753544"
"10/06/2023 11:00:14.095"	"2.3503173974178577"	"3.269928874017709"	"4099.104838988892"	"0.00079771616532904458"	"148301.86977648202"	"2500000000"	"993116.69982704404"	"15566999552"	"161435648"	"25.89327643676171"	"24976.056913751803"	"47.092961128040812"
"10/06/2023 11:00:15.095"	"31.296710715703778"	"1.8997003414941089"	"2513.7159816886237"	"0.00075572802192148882"	"138380.9323786794"	"2500000000"	"623553.5462866294"	"15615119360"	"100032512"	"21.997514557338793"	"18839.871331335344"	"88.542864144978367"
"10/06/2023 11:00:16.095"	"25.447345841828696"	"2.1618745164879303"	"2288.6690760583833"	"0.00094456086848010358"	"139772.19746614242"	"2500000000"	"615171.05099855002"	"15634628608"	"61734912"	"14.99783142895402"	"19799.137197076499"	"79.81981479331705"
"10/06/2023 11:00:17.104"	"22.023079116002926"	"2.0976958068394502"	"3067.0784671447059"	"0.00068396379526847553"	"140339.31587455544"	"2500000000"	"560459.25681096641"	"15571243008"	"131833856"	"21.815624402581161"	"20619.731537603304"	"83.990054413168238"
"10/06/2023 11:00:18.088"	"10.431920090882645"	"2.7993503971239999"	"3594.7454448735739"	"0.00077674750183020223"	"146980.36527621196"	"2500000000"	"775249.20590840548"	"15579525120"	"138731520"	"23.303028532156763"	"22282.761152509727"	"67.463735110897304"
"10/06/2023 11:00:19.090"	"1.6871877953826564"	"3.1510478334711705"	"4110.5596361181988"	"0.00076851715076039974"	"147625.54467981495"	"2500000000"	"902309.37609699718"	"15611719680"	"113418240"	"36.031202069699333"	"24942.599632749363"	"51.903077949673481"
"10/06/2023 11:00:20.090"	"13.168631779158147"	"2.7840107412839807"	"3470.4664592742997"	"0.00080100687078953656"	"146510.95051783658"	"2500000000"	"941049.52853538305"	"15662116864"	"69591040"	"21.964977590343672"	"29739.581249253042"	"76.174355484465167"
"10/06/2023 11:00:21.090"	"16.84822925110571"	"2.4664407770743293"	"3328.601186190439"	"0.00074208788061379857"	"144459.16726835139"	"2500000000"	"694265.69614709646"	"15565053952"	"150007808"	"20.027684634118167"	"25455.187169964189"	"82.944502532783801"
"10/06/2023 11:00:22.092"	"22.037375308677955"	"2.2986539435424005"	"2465.2190670634864"	"0.00093242908733955467"	"140977.02348178139"	"2500000000"	"509056.75864021404"	"15601377280"	"98590720"	"17.965159193175204"	"21637.03811938029"	"68.940285699400221"
"10/06/2023 11:00:23.092"	"23.087619666412394"	"2.09768372880756"	"2982.7113035749558"	"0.00070328530121715007"	"141031.19812269526"	"2500000000"	"563105.49705708073"	"15626616832"	"87490560"	"17.998257949832116"	"19670.096132727631"	"87.11069888694476"
"10/06/2023 11:00:24.099"	"2.4921784320325351"	"3.192768512368056"	"4127.4617003416533"	"0.00077353864967902818"	"146743.60933365408"	"2500000000"	"802308.25762835529"	"15666794496"	"58769408"	"27.801041041512221"	"24714.132591581452"	"52.294273649135036"
"10/06/2023 11:00:25.084"	"25.902038490429195"	"2.0459563108793133"	"2246.8713748560376"	"0.00091057869381370245"	"134512.49186256781"	"2500000000"	"569327.95236700273"	"15593046016"	"110329856"	"16.252234176173868"	"19426.498663707829"	"77.51558820228172"
"10/06/2023 11:00:26.084"	"27.017171302164662"	"2.0507852827808928"	"2846.892319735789"	"0.00071990171920838729"	"142248.65988065989"	"2500000000"	"561108.58650309558"	"15604027392"	"99414016"	"18.985943866261845"	"21550.045548410679"	"85.548383084291075"
"10/06/2023 11:00:27.086"	"6.3336086208891391"	"3.250188512130606"	"3663.2400969480218"	"0.00088765997970087311"	"145159.74067011714"	"2500000000"	"733037.19499238557"	"15638671360"	"80261120"	"28.938698668344493"	"22802.696664494484"	"57.142166074199977"
"10/06/2023 11:00:28.102"	"37.413155942464471"	"1.9882138713213884"	"1980.6407947570756"	"0.0010031794624812713"	"135839.47540983607"	"2500000000"	"366287.68502027122"	"15553159168"	"125747200"	"14.758873284329921"	"21422.01260976207"	"87.052054991431888"
"10/06/2023 11:00:29.087"	"22.052293494390582"	"2.2297093251744249"	"3033.993276126535"	"0.00073537677185951883"	"137307.42244556113"	"2500000000"	"626041.38912936987"	"15589769216"	"117084160"	"32.525221050602724"	"17827.886788361615"	"85.05447708791084"
"10/06/2023 11:00:30.088"	"14.763643942833255"	"2.6009567719706781"	"3439.5130957250308"	"0.00075634252218818377"	"142027.61103047896"	"2500000000"	"709935.47110333992"	"15619280896"	"93790208"	"23.961774832336936"	"21273.064014691794"	"70.235425718008202"
"10/06/2023 11:00:31.091"	"10.192224150744392"	"2.7319548765703705"	"3720.9070824440605"	"0.00073422675447285717"	"143861.57062449746"	"2500000000"	"734288.25158453838"	"15642157056"	"71651328"	"25.929666079749548"	"23589.015068627541"	"70.133482234215322"
"10/06/2023 11:00:32.099"	"14.688175978639423"	"2.8051438786232654"	"2982.5459032982262"	"0.00093903664230324051"	"144730.32292358804"	"2500000000"	"698944.27381285583"	"15568838656"	"141299712"	"29.726371129218201"	"19597.60560645592"	"56.192882348107389"
"10/06/2023 11:00:33.083"	"30.818362624659972"	"1.8077600515196885"	"2346.0380433559371"	"0.0007717692077994769"	"136608.52732003469"	"2500000000"	"514626.7424125502"	"15602667520"	"95973376"	"24.416701231805071"	"18403.07119092175"	"85.18673855586411"
"10/06/2023 11:00:34.083"	"19.297979501546187"	"2.3902497408521328"	"3197.8218698299279"	"0.00074749842694896076"	"144371.83239524704"	"2500000000"	"675134.39258812135"	"15621963776"	"91361280"	"19.998885990180913"	"22555.743564025543"	"76.304560912472468"
"10/06/2023 11:00:35.087"	"2.3108959941414802"	"3.2153328746071974"	"4072.9624153261693"	"0.0007894350561730172"	"148727.1724137931"	"2500000000"	"799653.30715301528"	"15659081728"	"62590976"	"25.898024651132406"	"23692.708244301361"	"54.476225462169239"
"10/06/2023 11:00:36.087"	"3.0196874623476471"	"3.2422644256319471"	"4017.5492417853325"	"0.00080701846992228203"	"148641.57690393229"	"2500000000"	"950049.40701288811"	"15596175360"	"160288768"	"32.996297904160272"	"27725.88922983213"	"55.863938082408474"
"10/06/2023 11:00:37.096"	"2.8363623236670237"	"3.1984448007197614"	"4069.0794172129595"	"0.00078603456063173181"	"148968.78966609799"	"2500000000"	"930612.24780163902"	"15621386240"	"127004672"	"26.776783881245407"	"27292.484904143468"	"51.317172944118305"
"10/06/2023 11:00:38.097"	"2.096488172661974"	"3.2240993112437355"	"4038.2596096202692"	"0.00079839307567642248"	"148373.42299134735"	"2500000000"	"879629.78133923362"	"15650799616"	"91144192"	"32.945010412229635"	"25228.889640225916"	"53.463373503045041"
"10/06/2023 11:00:39.087"	"24.925672594066377"	"2.293828718699185"	"2305.6121543971021"	"0.00099487305240124595"	"139461.44084136724"	"2500000000"	"526617.17334069894"	"15653666816"	"54657024"	"14.144859842927005"	"21795.208323687242"	"73.820001281141174"
"10/06/2023 11:00:40.087"	"22.447649731073156"	"2.1582740287091942"	"3005.5986606061879"	"0.00071806375167384579"	"141391.03127079175"	"2500000000"	"569943.89504948072"	"15587237888"	"125689856"	"18.99746325732454"	"20362.281012390224"	"83.855850292474372"
"10/06/2023 11:00:41.087"	"17.428182240592307"	"2.3629535439453666"	"3241.7489850682473"	"0.00072893277997878301"	"143982.86489821097"	"2500000000"	"637024.67393996567"	"15619014656"	"97697792"	"40.99682553602657"	"22154.284550639139"	"74.351635124456521"
"10/06/2023 11:00:42.087"	"12.518689293230997"	"2.7719097810459243"	"3546.6525163114561"	"0.00078156187091858894"	"146173.04087961657"	"2500000000"	"794476.16110666271"	"15643488256"	"78475264"	"22.997746793110654"	"23563.691344628074"	"64.587047736102036"
"10/06/2023 11:00:43.090"	"7.5886425244791056"	"2.8878723719962536"	"3794.3376511995107"	"0.00076110386476522813"	"147065.23837056506"	"2500000000"	"878088.5111142277"	"15556771840"	"169463808"	"37.893516621703391"	"22663.314533196131"	"60.268071539459342"
"10/06/2023 11:00:44.090"	"11.278814596585898"	"2.8037053305697572"	"3132.6217596252563"	"0.00089157392435573323"	"145985.60763116059"	"2500000000"	"723762.12662080221"	"15607283712"	"120406016"	"24.901603812601401"	"19651.349664752521"	"54.041280261444527"
"10/06/2023 11:00:45.090"	"34.126467910571257"	"1.7956141539350676"	"2347.7547311144035"	"0.00076776404748247833"	"136696.77640017102"	"2500000000"	"436875.09863130382"	"15599849472"	"86913024"	"13.048658189177958"	"23835.883539877614"	"90.495783686388464"
"10/06/2023 11:00:46.091"	"22.557629193171795"	"2.2425643064913876"	"2981.7172895857984"	"0.00075211258146428003"	"141838.07914151577"	"2500000000"	"612187.95562701102"	"15636574208"	"66826240"	"18.998198692867259"	"23578.764388236992"	"80.600988836073327"
"10/06/2023 11:00:47.093"	"11.80390039583477"	"2.777259202178064"	"3613.0338559528482"	"0.00076868277522390766"	"146221.8834576084"	"2500000000"	"796998.74914263282"	"15557947392"	"155312128"	"34.923000540831175"	"22066.34734172804"	"69.988239004736627"
"10/06/2023 11:00:48.093"	"19.187998691736453"	"2.4123483920627078"	"3136.2632451545869"	"0.00076809922916760563"	"143032.35912129894"	"2500000000"	"764788.92551629571"	"15589130240"	"111890432"	"19.969839192324653"	"22897.417617919447"	"82.163320365685848"
"10/06/2023 11:00:49.094"	"4.5938511302621441"	"3.1085392202536903"	"4065.2055685076252"	"0.00076573191188849252"	"148612.25092250924"	"2500000000"	"838330.39252475288"	"15614054400"	"100278272"	"30.001517110757383"	"25461.287521329432"	"59.689365783898253"
"10/06/2023 11:00:50.095"	"24.9520452879622"	"2.5059011187233509"	"2293.2217783243568"	"0.0010927201552519952"	"142195.83609415867"	"2500000000"	"594988.0864171203"	"15652790272"	"52338688"	"12.99558985100987"	"16756.31362174057"	"67.458294295778501"
"10/06/2023 11:00:51.097"	"14.976742674134297"	"2.5604047828656493"	"3382.3896894439786"	"0.00075701644083405112"	"144347.77358490566"	"2500000000"	"757753.01277907321"	"15575154688"	"134557696"	"26.923502834607142"	"22280.694345794887"	"75.850999557976692"
"10/06/2023 11:00:52.086"	"2.1446428036713048"	"3.3038627040142048"	"4042.3926017252784"	"0.00081729232150663409"	"149013.01301301303"	"2500000000"	"904235.47702526371"	"15602753536"	"117977088"	"27.3134635251708"	"25040.376394020474"	"53.633905022267868"
"10/06/2023 11:00:53.086"	"3.2085054781482785"	"3.2952650655324751"	"4053.1041517683148"	"0.00081302091462157858"	"148176.20912453762"	"2500000000"	"975979.48348607798"	"15640203264"	"82874368"	"25.987844129710524"	"24158.699715965515"	"52.496087322525177"
"10/06/2023 11:00:54.087"	"3.0596759803136848"	"3.3134491057397022"	"4002.6173307730564"	"0.00082782914601699513"	"148958.1054209343"	"2500000000"	"933058.79514769325"	"15593009152"	"177844224"	"33.996749749259038"	"25819.531530157848"	"53.390345962362588"
"10/06/2023 11:00:55.089"	"2.3831845687702309"	"3.2148062969519766"	"3803.8016301211596"	"0.00084508517761276171"	"148750.42726081258"	"2500000000"	"996316.84899045061"	"15613550592"	"140410880"	"23.929551539425383"	"27678.51461393536"	"50.272420930622609"
"10/06/2023 11:00:56.089"	"31.306781662845058"	"1.7788171375982549"	"2280.9056337878137"	"0.00077889673390833466"	"134387.89492119089"	"2500000000"	"600439.42028785381"	"15622705152"	"86269952"	"12.982387582855333"	"23996.445479110062"	"86.850311787948201"
"10/06/2023 11:00:57.095"	"10.200412251748958"	"2.9760150130979857"	"3165.3254240087454"	"0.00094132078987492083"	"144696.9962264151"	"2500000000"	"724003.49069402553"	"15656730624"	"57909248"	"24.88463383654674"	"21069.321776727396"	"61.423273662247247"
"10/06/2023 11:00:58.095"	"29.60697120684554"	"1.8909065602588855"	"2623.0455955667071"	"0.00072096830706532846"	"137415.10026686999"	"2500000000"	"564525.81297252583"	"15581868032"	"120152064"	"17.000295510725895"	"20971.364538554866"	"88.933422110918059"
"10/06/2023 11:00:59.096"	"9.813203375342237"	"2.8822037856580534"	"3706.4843545509566"	"0.00077762203558238117"	"144207.16743057428"	"2500000000"	"680686.00839408871"	"15585882112"	"127430656"	"24.983043640812593"	"22568.682303364465"	"64.607842608209552"
"10/06/2023 11:01:00.097"	"2.7070963684352165"	"3.2009666431785266"	"4044.6345995460906"	"0.00079140523432407633"	"146081.98369967894"	"2500000000"	"874667.96517109196"	"15621271552"	"100786176"	"43.952561714010372"	"24420.642641418443"	"48.492746679911122"
"10/06/2023 11:01:01.085"	"15.550406957997195"	"2.7172716325041977"	"2994.6179683022419"	"0.00090736992195245101"	"142401.77417173766"	"2500000000"	"839641.06925040681"	"15653355520"	"56336384"	"18.222827393319928"	"21147.59118994778"	"59.794159587063803"
"10/06/2023 11:01:02.089"	"18.424700093189145"	"2.5141250224457665"	"3304.5572508451532"	"0.00076081975642030262"	"145079.62869198312"	"2500000000"	"622676.98577483371"	"15575326720"	"136843264"	"19.918970770615751"	"21396.95840179544"	"76.65789684139888"
"10/06/2023 11:01:03.095"	"2.4940726029502991"	"3.2418969220659943"	"4076.959054307039"	"0.00079517420852563648"	"148698.87594443091"	"2500000000"	"876215.31016246614"	"15590305792"	"128782336"	"32.790555396571357"	"25475.280583554439"	"52.516772638254835"
"10/06/2023 11:01:04.096"	"3.0596796515404834"	"3.3409502025137967"	"4103.5363519690181"	"0.00081415698442939663"	"148950.95516569199"	"2500000000"	"948012.88645927527"	"15628640256"	"94404608"	"30.996497785341028"	"25495.119371955661"	"53.91107551039407"
"10/06/2023 11:01:05.096"	"22.827609949238315"	"2.2304664701605743"	"2957.7032078495472"	"0.00075412433779928627"	"142088.8275862069"	"2500000000"	"768780.85631534387"	"15666675712"	"53833728"	"17.998193962573311"	"18450.148610966819"	"82.423720236491235"
"10/06/2023 11:01:06.096"	"12.828651708705415"	"2.7282132647858708"	"3520.6258581787097"	"0.00077492197937578655"	"146204.28287418347"	"2500000000"	"719201.56944591471"	"15580413952"	"139206656"	"28.996918457024304"	"23236.530621475442"	"67.32113454875892"
"10/06/2023 11:01:07.096"	"29.906868750841788"	"2.2430651510786821"	"2030.6582484128135"	"0.0011045297218545969"	"138816.28360413588"	"2500000000"	"473076.38315411779"	"15608643584"	"87441408"	"11.997980788258868"	"18829.831015439941"	"78.517879178050052"
"10/06/2023 11:01:08.096"	"27.497110053733355"	"1.9239977878324988"	"2799.2936092811187"	"0.0006869689578589298"	"140429.84648339878"	"2500000000"	"564353.98164006753"	"15631368192"	"72065024"	"17.989034261713723"	"19177.309913779147"	"89.454228360599302"
"10/06/2023 11:01:09.097"	"9.7598331817745443"	"2.7887949123398155"	"3684.2592137024571"	"0.00075737921038576694"	"145995.84156266955"	"2500000000"	"713023.10165132524"	"15550488576"	"160428032"	"27.986776447007269"	"22577.332370892866"	"66.571282694816801"
"10/06/2023 11:01:10.097"	"20.894642613633867"	"2.315706252916752"	"3039.2363652305726"	"0.00076194079512669443"	"143927.24210526317"	"2500000000"	"730870.36241686542"	"15594766336"	"119357440"	"20.994724891395403"	"18319.397090949016"	"73.96501537005912"
"10/06/2023 11:01:11.082"	"2.651153053503621"	"3.2352193392371769"	"4077.3185173354477"	"0.00079347282781871802"	"148379.48779272547"	"2500000000"	"1005907.1861629426"	"15618084864"	"103534592"	"30.473232566034739"	"25118.069829763564"	"51.989111379206001"
"10/06/2023 11:01:12.083"	"14.567701946017172"	"2.7641664906485945"	"2771.5517323724457"	"0.00099729632905194319"	"143798.72530641672"	"2500000000"	"725670.97398806631"	"15650553856"	"54468608"	"20.981465890346563"	"21132.332621272388"	"66.434585922564168"
"10/06/2023 11:01:13.083"	"25.927376149533664"	"2.0891885741162994"	"2855.7574373782822"	"0.00073158274412953126"	"140316.68347338936"	"2500000000"	"567851.76774759335"	"15582449664"	"122695680"	"16.998556174870728"	"20157.287878189352"	"87.371068047913553"
"10/06/2023 11:01:14.083"	"21.937132816740849"	"2.2472062901378789"	"3035.9241605559223"	"0.00074003943300137277"	"142560.22127099111"	"2500000000"	"689643.61122081138"	"15596900352"	"110604288"	"33.987955699341903"	"21446.40004628474"	"77.737289736231475"
"10/06/2023 11:01:15.083"	"32.656567794724772"	"2.0016896224206837"	"2505.2949437702814"	"0.0007991617737165722"	"142086.23393213574"	"2500000000"	"600386.68242091825"	"15610077184"	"77910016"	"17.002001614409096"	"20945.465871209981"	"84.767220965076575"
"10/06/2023 11:01:16.083"	"11.008860582929666"	"2.6644242320919784"	"3637.6938953998228"	"0.00073246287014304618"	"145132.71907641561"	"2500000000"	"711326.14334054384"	"15650058240"	"58195968"	"33.997139209344141"	"21727.171702348202"	"69.664599713929604"
"10/06/2023 11:01:17.084"	"2.9484762274856355"	"3.2359276725788111"	"4024.8820218219548"	"0.0008039731625846888"	"148245.29625031041"	"2500000000"	"982383.04922989814"	"15561900032"	"157663232"	"25.986325445088362"	"24782.958682169654"	"47.292869045277399"
"10/06/2023 11:01:18.084"	"20.237872999547747"	"2.4325443395899091"	"2543.6673768933783"	"0.00095628928270833518"	"142654.79245283018"	"2500000000"	"765599.88619782228"	"15616819200"	"82780160"	"27.996339053857938"	"20727.289592374109"	"66.279584015719948"
"10/06/2023 11:01:19.084"	"21.497749185660261"	"2.173172468842512"	"2986.7191752060935"	"0.00072761973595860167"	"141068.59859390694"	"2500000000"	"667241.26297011285"	"15634862080"	"74448896"	"17.998307718014626"	"19806.137737690762"	"84.376635766235282"
"10/06/2023 11:01:20.084"	"19.168000777518905"	"2.3759521881867722"	"3191.6608177524681"	"0.00074442354268390218"	"143938.7268170426"	"2500000000"	"710370.50793514098"	"15555629056"	"151072768"	"25.997237237332136"	"19842.891268263702"	"80.731169738996229"
"10/06/2023 11:01:21.084"	"19.747926467720887"	"2.3954484779098193"	"3135.3261771570333"	"0.00076393487295303513"	"143885.87755102041"	"2500000000"	"616567.49153467547"	"15576977408"	"126447616"	"22.995058059506302"	"21888.295917250933"	"82.553921838206989"
"10/06/2023 11:01:22.084"	"9.0790494235253565"	"2.8540011860758177"	"3751.1007701129943"	"0.00076094383822567825"	"148100.26552919223"	"2500000000"	"741755.92663837166"	"15621083136"	"113373184"	"24.00064475678802"	"29804.800680471257"	"60.681196678707735"
"10/06/2023 11:01:23.084"	"4.7393483396033043"	"3.1817625076551974"	"3846.3709059122657"	"0.00082718995031575598"	"146190.70652456459"	"2500000000"	"786833.30929517245"	"15674695680"	"66322432"	"24.995911787836405"	"36335.057211270512"	"51.438967142017965"
"10/06/2023 11:01:24.100"	"25.962436479655075"	"2.2822724309248557"	"2593.3819557353454"	"0.0008800684547932094"	"138943.65983295368"	"2500000000"	"484066.45853203157"	"15572492288"	"128487424"	"16.737848613326072"	"24442.181872107041"	"76.668354832173577"
"10/06/2023 11:01:25.084"	"32.108373327439182"	"1.7989221500441248"	"2298.128391600655"	"0.00078189834922213087"	"139220.5986754967"	"2500000000"	"504983.52892415563"	"15605501952"	"96575488"	"22.321776872059342"	"16134.586173613076"	"84.260904048275719"
"10/06/2023 11:01:26.088"	"18.639425594702335"	"2.448542725849534"	"3241.9979386783411"	"0.00075607880472241846"	"142098.35887965528"	"2500000000"	"640819.95820590504"	"15616733184"	"90595328"	"22.950431698861756"	"19299.317369029795"	"77.936292636190913"
"10/06/2023 11:01:27.088"	"23.157566139798707"	"2.1476742794332315"	"3007.6221542890526"	"0.00071406255063031761"	"139791.6595744681"	"2500000000"	"602446.3150420707"	"15649198080"	"59043840"	"18.997613341586437"	"16803.888937826403"	"86.199360447217003"
"10/06/2023 11:01:28.088"	"17.668171344265868"	"2.3621555169040005"	"3281.7757052541101"	"0.00071980489921100253"	"144520.65813528336"	"2500000000"	"643542.01677077136"	"15569297408"	"139055104"	"29.997949773803565"	"20673.587052446288"	"79.81979865083963"
"10/06/2023 11:01:29.088"	"20.697824658628377"	"2.3695509601940836"	"2823.3463791762597"	"0.00083916443199359562"	"139566.776203966"	"2500000000"	"697682.48251766211"	"15609651200"	"98836480"	"21.994908053072844"	"16335.218303598054"	"70.836405093824638"
"10/06/2023 11:01:30.088"	"18.008136157907657"	"2.4127502803459842"	"3267.0425924711467"	"0.00073859806414318992"	"141953.29292929292"	"2500000000"	"727213.48069035436"	"15622955008"	"85278720"	"22.000286817987519"	"21778.283923733281"	"79.168816027541155"
"10/06/2023 11:01:31.091"	"4.3690794858251802"	"3.1122210036014981"	"3916.2096885106812"	"0.00079470192637886683"	"147807.59246051961"	"2500000000"	"905691.81964885478"	"15534272512"	"176607232"	"41.895264115498883"	"23200.998763390202"	"66.10036214481903"
"10/06/2023 11:01:32.092"	"2.8356656850004769"	"3.3057471654575981"	"4095.7477775205034"	"0.00080711856989947755"	"148379.6470014627"	"2500000000"	"813596.033042236"	"15569387520"	"151867392"	"25.960371091061212"	"25704.761283395379"	"52.026447574881793"
"10/06/2023 11:01:33.096"	"13.659834258684981"	"2.6767695637770288"	"3465.249276835229"	"0.00077245535657658783"	"146263.00172512938"	"2500000000"	"826387.22748329223"	"15618256896"	"103579648"	"27.897348979697071"	"21013.678118956817"	"72.237378228455995"
"10/06/2023 11:01:34.102"	"3.4898312184392739"	"3.2620476480277532"	"4091.4108908265966"	"0.00079730259681073544"	"148952.06026731469"	"2500000000"	"844837.07538821036"	"15672291328"	"75612160"	"36.78789865384789"	"28102.971768946234"	"53.005962640113992"
"10/06/2023 11:01:35.086"	"21.717081683348088"	"2.1203103978400746"	"2198.0758615320783"	"0.00096460246238129781"	"138041.25693160814"	"2500000000"	"552937.96877946914"	"15582269440"	"122200064"	"18.283440622725234"	"26940.649757585634"	"67.728264253612451"
"10/06/2023 11:01:36.086"	"4.7895023707036843"	"3.1608715854422726"	"3976.4957224274522"	"0.00079487057434556138"	"147479.68820719136"	"2500000000"	"907152.95979263505"	"15584428032"	"135790592"	"31.995942448498482"	"24387.907258166455"	"61.332147589865414"
"10/06/2023 11:01:37.089"	"5.7647165833941054"	"3.1660062841394896"	"3820.0381148496999"	"0.00082882507847723279"	"146551.37754569191"	"2500000000"	"919960.92835842539"	"15659089920"	"97071104"	"35.906363481615976"	"29620.755074361979"	"61.819972887879658"
"10/06/2023 11:01:38.097"	"7.6056870706988775"	"2.8515872632605945"	"3801.8683617952806"	"0.00075005216448025209"	"145871.65779864372"	"2500000000"	"962122.58359554457"	"15681892352"	"65409024"	"33.715055894898157"	"25101.850733042706"	"63.460018430156438"
"10/06/2023 11:01:39.084"	"5.3291478246844104"	"3.1299118583265302"	"3850.9508221589467"	"0.00081275979262118985"	"148706.02893975269"	"2500000000"	"794862.18611587631"	"15579508736"	"159133696"	"24.315395877878117"	"24961.780151631709"	"51.453418688855379"
"10/06/2023 11:01:40.085"	"2.6475608022329027"	"3.0415977759689996"	"3511.6433311762544"	"0.0008653779746350186"	"146721.32802728823"	"2500000000"	"825423.84312950715"	"15612928000"	"114589696"	"23.95663443667712"	"24717.25758004162"	"44.972576765026382"
"10/06/2023 11:01:41.085"	"33.836552055345557"	"1.7324234660488096"	"2448.8836412963547"	"0.00070805076906447757"	"138741.74744585206"	"2500000000"	"496644.01046056865"	"15626764288"	"72011776"	"23.017704842589357"	"20697.920502366655"	"89.454194617568476"
"10/06/2023 11:01:42.085"	"23.92748522130324"	"2.2242662296192672"	"2987.7025581995231"	"0.00074447794503108746"	"141205.07630522089"	"2500000000"	"557324.51535784814"	"15647080448"	"50950144"	"17.998208181924838"	"21750.834587856167"	"85.288006230545164"
"10/06/2023 11:01:43.085"	"6.3993325496150746"	"3.0276842125366326"	"3814.5509199293874"	"0.00079370902875267816"	"147685.7625163827"	"2500000000"	"801251.67011316773"	"15564677120"	"143421440"	"25.99693942809019"	"25858.955672664171"	"57.816899697361571"
"10/06/2023 11:01:44.086"	"14.788457563876086"	"2.5891299537458243"	"3409.7023041103294"	"0.00075935475795968304"	"144652.16187683283"	"2500000000"	"778142.06160753651"	"15606587392"	"107577344"	"21.998079381356963"	"20438.215570678924"	"74.742214387039425"
"10/06/2023 11:01:45.086"	"22.33765231274193"	"2.4481427002022089"	"3007.6209662447159"	"0.00081396279984232865"	"145102.97872340426"	"2500000000"	"587158.00373996573"	"15634796544"	"69406720"	"18.997605837317021"	"22085.216722876758"	"76.955551971487807"
"10/06/2023 11:01:46.087"	"23.460016757725768"	"2.2778597190912779"	"2269.0673187256234"	"0.0010038749190382733"	"139576.02465874064"	"2500000000"	"548628.70473049965"	"15561928704"	"122466304"	"13.988085628427443"	"20957.149718304689"	"69.817369564604874"
"10/06/2023 11:01:47.087"	"24.467438259214262"	"2.1175782895530837"	"2959.7310669429207"	"0.00071547299446108529"	"142719.30810810812"	"2500000000"	"540244.91117664136"	"15581298688"	"115138560"	"17.99836459627452"	"19382.238851899183"	"85.157803977923507"
"10/06/2023 11:01:48.087"	"19.587951100314907"	"2.2676628024708614"	"3104.6872321262804"	"0.00073040254919788303"	"142214.96682769727"	"2500000000"	"617269.81590434175"	"15610630144"	"93425664"	"19.997985392117748"	"20431.941675126705"	"80.470792755077824"
"10/06/2023 11:01:49.088"	"2.3381026297159857"	"3.2320771693770505"	"4098.7420631145469"	"0.00078856659638469476"	"147926.81033642124"	"2500000000"	"832454.31317741075"	"15649878016"	"67911680"	"35.971407672385105"	"24970.152159247325"	"53.16300821883042"
"10/06/2023 11:01:50.088"	"17.008212436872885"	"2.6811182144756587"	"3274.4114156044725"	"0.00081874807266425374"	"146047.72641221373"	"2500000000"	"840396.93635526963"	"15563558912"	"147431424"	"31.994248946364312"	"22433.967433078826"	"72.138348259597919"
"10/06/2023 11:01:51.088"	"14.228515965784769"	"2.4797413629758416"	"3559.8509260433416"	"0.00069662916909427541"	"143694.52584269663"	"2500000000"	"743364.87051036966"	"15589642240"	"125521920"	"24.998953132326836"	"23284.024947449216"	"77.736702061974938"
"10/06/2023 11:01:52.089"	"25.137981863315467"	"2.0261133515329126"	"2349.9939934610361"	"0.00086214952893420925"	"138265.23024638914"	"2500000000"	"567392.7723549339"	"15613976576"	"79212544"	"13.976174982351107"	"19150.354620460093"	"73.09184697777664"
"10/06/2023 11:01:53.090"	"24.587425696529575"	"2.0592843929240607"	"2861.7738849791922"	"0.00071960172235585628"	"139060.77428371768"	"2500000000"	"630054.21803666279"	"15642652672"	"52580352"	"17.998577892950895"	"19763.438447454133"	"85.027607609483297"
"10/06/2023 11:01:54.091"	"15.644733868690933"	"2.7176481189655135"	"2735.3125101135001"	"0.00099353543070998247"	"143632.26880934989"	"2500000000"	"597702.74714236881"	"15572877312"	"119242752"	"16.983313612830351"	"20346.009708170761"	"62.666639892792617"
"10/06/2023 11:01:55.091"	"24.167479331905682"	"2.0876822547408307"	"2923.6939151181896"	"0.00071405604505927903"	"142566.25991792066"	"2500000000"	"523689.17437744909"	"15595806720"	"97808384"	"17.998115756541523"	"19395.969413632913"	"84.897405200637579"
"10/06/2023 11:01:56.091"	"18.858025564723373"	"2.4283457521997445"	"3203.9405657456364"	"0.00075775352332964785"	"143616.87862714508"	"2500000000"	"630893.38499943924"	"15626125312"	"78168064"	"19.993388865807404"	"18565.860900788757"	"78.257486441169604"
"10/06/2023 11:01:57.092"	"11.091180293430664"	"3.0096067607038881"	"3224.9296788635866"	"0.00093337464403357392"	"143880.40904865199"	"2500000000"	"705866.85180505994"	"15552647168"	"153513984"	"19.987168756514325"	"19150.705744054201"	"53.552565000311759"
"10/06/2023 11:01:58.092"	"26.807214730389511"	"2.0053916398086238"	"2777.8156357116136"	"0.00072195823935863705"	"138172.54427645789"	"2500000000"	"511884.02613470762"	"15580323840"	"110325760"	"15.998938146647163"	"21093.600012720119"	"82.03311675916872"
"10/06/2023 11:01:59.092"	"13.536192269114697"	"2.6533536116290488"	"3556.2230765524082"	"0.00074616250809217573"	"143283.42310936181"	"2500000000"	"684086.54849814833"	"15614246912"	"98201600"	"22.994976317319477"	"21068.397214559711"	"69.930328598565225"
"10/06/2023 11:02:00.092"	"7.029249979027238"	"2.823598722016361"	"2897.4414030176049"	"0.00097443064257171684"	"146165.57625948932"	"2500000000"	"682408.43865273846"	"15651311616"	"54222848"	"19.996144948361664"	"19619.217616085047"	"57.556618708783766"
"10/06/2023 11:02:01.092"	"12.778612242710441"	"2.3245475541356209"	"1383.7775026840075"	"0.0016797688934558645"	"144665.15606936417"	"2500000000"	"301205.56921500579"	"15585382400"	"89063424"	"22.996302428997236"	"16409.361541943592"	"74.091353678990473"
"10/06/2023 11:02:02.092"	"11.888801608797833"	"2.3069674576802659"	"1401.9484914756881"	"0.0016456489217170698"	"141631.17831669044"	"2500000000"	"332401.78733623354"	"15587348480"	"77017088"	"22.999154995678193"	"11849.564639077678"	"75.002519746009597"
"10/06/2023 11:02:03.092"	"12.018738032506587"	"2.4891386404427536"	"1191.7071642895764"	"0.0020884230849278029"	"137132.67114093961"	"2500000000"	"209242.58325740154"	"15595020288"	"55898112"	"6.9982803272038892"	"10539.410172769056"	"62.764319746426622"
"10/06/2023 11:02:04.092"	"9.2190347670598882"	"2.5060376178614101"	"1471.3341168593233"	"0.0016923023898769241"	"142389.23970290343"	"2500000000"	"295399.3830566855"	"15603404800"	"49516544"	"8.9412606696380212"	"10025.140157479698"	"68.362692426102996"
"10/06/2023 11:02:05.093"	"12.458695574573342"	"2.3546534677819233"	"1413.1867424844918"	"0.0016772790898669169"	"144407.33903133904"	"2500000000"	"366933.33376013994"	"15594795008"	"84750336"	"10.065432638778432"	"8976.3528272626045"	"79.950019232986307"
"10/06/2023 11:02:06.093"	"12.758220228278155"	"2.3807678828803382"	"1434.7285003084844"	"0.0016593033339695835"	"147047.82717770035"	"2500000000"	"269976.91113679402"	"15583272960"	"74027008"	"7.9984864128695987"	"14686.220864830193"	"75.914809884021167"
"10/06/2023 11:02:07.093"	"9.4093460504494928"	"2.3748349489710465"	"1409.9142216844455"	"0.0016843969880048989"	"146154.57588652484"	"2500000000"	"292670.19412509003"	"15597535232"	"59957248"	"8.9994524788368846"	"8871.4602658045387"	"73.17895406269264"
"10/06/2023 11:02:08.095"	"10.501117725806941"	"2.5232600256255195"	"1158.8241984845904"	"0.0021774528714642925"	"146398.51290877798"	"2500000000"	"263130.8798782755"	"15568572416"	"88948736"	"7.9781356177940825"	"7816.578371533752"	"66.628245673100707"
"10/06/2023 11:02:09.103"	"13.154126151544467"	"2.5381010504934784"	"1266.7870668448863"	"0.0020036048506524408"	"140522.33228840126"	"2500000000"	"241761.74492011499"	"15580237824"	"77340672"	"7.9422386636043028"	"7668.2314297099547"	"72.724835039812334"
"10/06/2023 11:02:10.087"	"10.117011979111011"	"2.4666819166740139"	"1484.079181232245"	"0.0016621493096727032"	"145398.18754277891"	"2500000000"	"295785.81825208245"	"15592955904"	"67039232"	"10.157968386257664"	"9248.8302156876034"	"74.341368299460299"
"10/06/2023 11:02:11.087"	"14.778476339089439"	"2.2817647500542693"	"1301.6801408599233"	"0.0017526881993513712"	"144371.80952380953"	"2500000000"	"291078.47389505891"	"15605051392"	"54677504"	"7.9980346596615872"	"9794.5931950880713"	"79.42920084939243"
"10/06/2023 11:02:12.087"	"10.878869685439682"	"2.4374467492827496"	"1393.0555845278477"	"0.0017499640173355296"	"147076.6862885858"	"2500000000"	"225591.0013416805"	"15570132992"	"89563136"	"9.0003591247312489"	"9652.3851413228913"	"69.274032428030736"
"10/06/2023 11:02:13.088"	"11.818710578675866"	"2.4233356140845035"	"1362.7098274978139"	"0.0017781365744044624"	"146320.05869405722"	"2500000000"	"148956.28156951157"	"15594848256"	"75632640"	"7.998296859855107"	"8646.158905503371"	"76.044273569753543"
"10/06/2023 11:02:14.089"	"20.391643380714779"	"2.1304374137324635"	"1115.5289369930399"	"0.0019099371846549552"	"138831.29811996419"	"2500000000"	"183502.01342779686"	"15719440384"	"58793984"	"15.978928372326443"	"6949.8351589387321"	"66.973017322111872"
"10/06/2023 11:02:15.104"	"99.843700639456614"	"0"	"1.9695248484490093"	"0"	"6144"	"2500000000"	"0"	"15719612416"	"58793984"	"0"	"0"	"0"
"10/06/2023 11:02:16.100"	"99.656143134574251"	"0.00090359186803462446"	"4.0146931531476522"	"0.00022498720990180761"	"14336"	"2500000000"	"1501.4952392772218"	"15731318784"	"47255552"	"0"	"0"	"0.51600115619599984"
"10/06/2023 11:02:17.098"	"94.046243411802081"	"0.058227693331475927"	"42.105944585220875"	"0.0013833341281583359"	"98206.476190476184"	"2500000000"	"6113.3821447780219"	"15731462144"	"47255552"	"0"	"174.43891328162934"	"0"
"10/06/2023 11:02:18.084"	"99.680159001217788"	"0.00030439787968612926"	"2.0293093827865198"	"0.00015012316025054764"	"6144"	"2500000000"	"0"	"15731605504"	"47255552"	"0"	"0"	"0"
"10/06/2023 11:02:19.096"	"99.724584308023012"	"0.00019757223240816842"	"1.9757223714553658"	"9.9950419851022523e-005"	"4096"	"2500000000"	"0"	"15731748864"	"47255552"	"0"	"0"	"0.57074666498071469"
"10/06/2023 11:02:20.103"	"99.50933350489089"	"0.00039712394893700838"	"4.964004298696663"	"7.9960335880818018e-005"	"13926.4"	"2500000000"	"0"	"15731806208"	"47255552"	"0"	"0.99280085973933263"	"0"
"10/06/2023 11:02:21.089"	"99.669324718256334"	"0.00020293051963403511"	"2.0293313461625568"	"0.0001001479503250364"	"4096"	"2500000000"	"0"	"15731920896"	"47255552"	"0"	"0"	"2.1018832966874679"
"10/06/2023 11:02:22.096"	"99.6589563830901"	"0.00019866232708679377"	"1.9866216745980947"	"9.9950419851022523e-005"	"6144"	"2500000000"	"0"	"15732027392"	"47255552"	"0"	"0"	"0"
"10/06/2023 11:02:23.111"	"99.725859767416637"	"0.00019698935262699583"	"1.9699478961970838"	"9.9950419851022523e-005"	"4096"	"2500000000"	"0"	"15755759616"	"47255552"	"0"	"694.40663340947197"	"0.60758410977507227"
"10/06/2023 11:02:24.097"	"99.495828992494467"	"0.00050695928356514041"	"2.0277609437791622"	"0.00025007358010157015"	"4096"	"2500000000"	"0"	"15755767808"	"47255552"	"0"	"4.0555218875583243"	"0"
"10/06/2023 11:02:25.082"	"99.682345052052383"	"0.00010157157637258241"	"3.0472376581851801"	"3.3316806617007505e-005"	"4096"	"2500000000"	"0"	"15755767808"	"47259648"	"0"	"36.566851898222161"	"0.54449474946050014"
